=== FINAL YOSYS SYNTHESIS ===
Sun Sep  6 22:05:17 UTC 2026
989426f4a93c7883b1722a583059c732258c245d
 tb/tb_matmul_16x16.sv | 42 +++++++++++++++++++++++-------------------
 1 file changed, 23 insertions(+), 19 deletions(-)

 /----------------------------------------------------------------------------\
 |                                                                            |
 |  yosys -- Yosys Open SYnthesis Suite                                       |
 |                                                                            |
 |  Copyright (C) 2012 - 2020  Claire Xenia Wolf <claire@yosyshq.com>         |
 |                                                                            |
 |  Permission to use, copy, modify, and/or distribute this software for any  |
 |  purpose with or without fee is hereby granted, provided that the above    |
 |  copyright notice and this permission notice appear in all copies.         |
 |                                                                            |
 |  THE SOFTWARE IS PROVIDED "AS IS" AND THE AUTHOR DISCLAIMS ALL WARRANTIES  |
 |  WITH REGARD TO THIS SOFTWARE INCLUDING ALL IMPLIED WARRANTIES OF          |
 |  MERCHANTABILITY AND FITNESS. IN NO EVENT SHALL THE AUTHOR BE LIABLE FOR   |
 |  ANY SPECIAL, DIRECT, INDIRECT, OR CONSEQUENTIAL DAMAGES OR ANY DAMAGES    |
 |  WHATSOEVER RESULTING FROM LOSS OF USE, DATA OR PROFITS, WHETHER IN AN     |
 |  ACTION OF CONTRACT, NEGLIGENCE OR OTHER TORTIOUS ACTION, ARISING OUT OF   |
 |  OR IN CONNECTION WITH THE USE OR PERFORMANCE OF THIS SOFTWARE.            |
 |                                                                            |
 \----------------------------------------------------------------------------/

 Yosys 0.33 (git sha1 2584903a060)


-- Running command `
read_verilog -sv rtl/mac.sv rtl/pe.sv rtl/pe_array_4x4.sv rtl/tile_controller.sv rtl/matmul_16x16.sv
hierarchy -check -top matmul_16x16
proc
opt
fsm
opt
memory
opt
techmap
opt
stat
' --

1. Executing Verilog-2005 frontend: rtl/mac.sv
Parsing SystemVerilog input from `rtl/mac.sv' to AST representation.
Generating RTLIL representation for module `\mac'.
Successfully finished Verilog frontend.

2. Executing Verilog-2005 frontend: rtl/pe.sv
Parsing SystemVerilog input from `rtl/pe.sv' to AST representation.
Generating RTLIL representation for module `\pe'.
Successfully finished Verilog frontend.

3. Executing Verilog-2005 frontend: rtl/pe_array_4x4.sv
Parsing SystemVerilog input from `rtl/pe_array_4x4.sv' to AST representation.
Generating RTLIL representation for module `\pe_array_4x4'.
Warning: Replacing memory \b_bus with list of registers. See rtl/pe_array_4x4.sv:56
Warning: Replacing memory \a_bus with list of registers. See rtl/pe_array_4x4.sv:50
Successfully finished Verilog frontend.

4. Executing Verilog-2005 frontend: rtl/tile_controller.sv
Parsing SystemVerilog input from `rtl/tile_controller.sv' to AST representation.
Generating RTLIL representation for module `\tile_controller'.
Successfully finished Verilog frontend.

5. Executing Verilog-2005 frontend: rtl/matmul_16x16.sv
Parsing SystemVerilog input from `rtl/matmul_16x16.sv' to AST representation.
Generating RTLIL representation for module `\matmul_16x16'.
Successfully finished Verilog frontend.

6. Executing HIERARCHY pass (managing design hierarchy).

6.1. Analyzing design hierarchy..
Top module:  \matmul_16x16
Used module:     \pe_array_4x4
Used module:         \pe
Used module:             \mac
Used module:     \tile_controller
Parameter \DATA_WIDTH = 8
Parameter \ACC_WIDTH = 32

6.2. Executing AST frontend in derive mode using pre-parsed AST for module `\mac'.
Parameter \DATA_WIDTH = 8
Parameter \ACC_WIDTH = 32
Generating RTLIL representation for module `$paramod$8392c0aee371eac30cfcd917af9a6c37ac869d3e\mac'.
Parameter \DATA_WIDTH = 8
Parameter \ACC_WIDTH = 32

6.3. Executing AST frontend in derive mode using pre-parsed AST for module `\pe'.
Parameter \DATA_WIDTH = 8
Parameter \ACC_WIDTH = 32
Generating RTLIL representation for module `$paramod$8392c0aee371eac30cfcd917af9a6c37ac869d3e\pe'.
Parameter \DATA_WIDTH = 8
Parameter \ACC_WIDTH = 32
Found cached RTLIL representation for module `$paramod$8392c0aee371eac30cfcd917af9a6c37ac869d3e\pe'.
Parameter \DATA_WIDTH = 8
Parameter \ACC_WIDTH = 32
Found cached RTLIL representation for module `$paramod$8392c0aee371eac30cfcd917af9a6c37ac869d3e\pe'.
Parameter \DATA_WIDTH = 8
Parameter \ACC_WIDTH = 32
Found cached RTLIL representation for module `$paramod$8392c0aee371eac30cfcd917af9a6c37ac869d3e\pe'.
Parameter \DATA_WIDTH = 8
Parameter \ACC_WIDTH = 32
Found cached RTLIL representation for module `$paramod$8392c0aee371eac30cfcd917af9a6c37ac869d3e\pe'.
Parameter \DATA_WIDTH = 8
Parameter \ACC_WIDTH = 32
Found cached RTLIL representation for module `$paramod$8392c0aee371eac30cfcd917af9a6c37ac869d3e\pe'.
Parameter \DATA_WIDTH = 8
Parameter \ACC_WIDTH = 32
Found cached RTLIL representation for module `$paramod$8392c0aee371eac30cfcd917af9a6c37ac869d3e\pe'.
Parameter \DATA_WIDTH = 8
Parameter \ACC_WIDTH = 32
Found cached RTLIL representation for module `$paramod$8392c0aee371eac30cfcd917af9a6c37ac869d3e\pe'.
Parameter \DATA_WIDTH = 8
Parameter \ACC_WIDTH = 32
Found cached RTLIL representation for module `$paramod$8392c0aee371eac30cfcd917af9a6c37ac869d3e\pe'.
Parameter \DATA_WIDTH = 8
Parameter \ACC_WIDTH = 32
Found cached RTLIL representation for module `$paramod$8392c0aee371eac30cfcd917af9a6c37ac869d3e\pe'.
Parameter \DATA_WIDTH = 8
Parameter \ACC_WIDTH = 32
Found cached RTLIL representation for module `$paramod$8392c0aee371eac30cfcd917af9a6c37ac869d3e\pe'.
Parameter \DATA_WIDTH = 8
Parameter \ACC_WIDTH = 32
Found cached RTLIL representation for module `$paramod$8392c0aee371eac30cfcd917af9a6c37ac869d3e\pe'.
Parameter \DATA_WIDTH = 8
Parameter \ACC_WIDTH = 32
Found cached RTLIL representation for module `$paramod$8392c0aee371eac30cfcd917af9a6c37ac869d3e\pe'.
Parameter \DATA_WIDTH = 8
Parameter \ACC_WIDTH = 32
Found cached RTLIL representation for module `$paramod$8392c0aee371eac30cfcd917af9a6c37ac869d3e\pe'.
Parameter \DATA_WIDTH = 8
Parameter \ACC_WIDTH = 32
Found cached RTLIL representation for module `$paramod$8392c0aee371eac30cfcd917af9a6c37ac869d3e\pe'.
Parameter \DATA_WIDTH = 8
Parameter \ACC_WIDTH = 32
Found cached RTLIL representation for module `$paramod$8392c0aee371eac30cfcd917af9a6c37ac869d3e\pe'.
Reprocessing module pe_array_4x4 because instantiated module $paramod$8392c0aee371eac30cfcd917af9a6c37ac869d3e\pe has become available.
Generating RTLIL representation for module `\pe_array_4x4'.
Warning: Replacing memory \acc_bus with list of registers. See rtl/pe_array_4x4.sv:0
Warning: Replacing memory \b_bus with list of registers. See rtl/pe_array_4x4.sv:56
Warning: Replacing memory \a_bus with list of registers. See rtl/pe_array_4x4.sv:50
Parameter \DATA_WIDTH = 8
Parameter \ACC_WIDTH = 32

6.4. Executing AST frontend in derive mode using pre-parsed AST for module `\pe_array_4x4'.
Parameter \DATA_WIDTH = 8
Parameter \ACC_WIDTH = 32
Generating RTLIL representation for module `$paramod$8392c0aee371eac30cfcd917af9a6c37ac869d3e\pe_array_4x4'.
Warning: Replacing memory \acc_bus with list of registers. See rtl/pe_array_4x4.sv:0
Warning: Replacing memory \b_bus with list of registers. See rtl/pe_array_4x4.sv:56
Warning: Replacing memory \a_bus with list of registers. See rtl/pe_array_4x4.sv:50

6.5. Analyzing design hierarchy..
Top module:  \matmul_16x16
Used module:     $paramod$8392c0aee371eac30cfcd917af9a6c37ac869d3e\pe_array_4x4
Used module:         \pe
Used module:             $paramod$8392c0aee371eac30cfcd917af9a6c37ac869d3e\mac
Used module:     \tile_controller
Parameter \DATA_WIDTH = 8
Parameter \ACC_WIDTH = 32
Found cached RTLIL representation for module `$paramod$8392c0aee371eac30cfcd917af9a6c37ac869d3e\pe'.
Parameter \DATA_WIDTH = 8
Parameter \ACC_WIDTH = 32
Found cached RTLIL representation for module `$paramod$8392c0aee371eac30cfcd917af9a6c37ac869d3e\pe'.
Parameter \DATA_WIDTH = 8
Parameter \ACC_WIDTH = 32
Found cached RTLIL representation for module `$paramod$8392c0aee371eac30cfcd917af9a6c37ac869d3e\pe'.
Parameter \DATA_WIDTH = 8
Parameter \ACC_WIDTH = 32
Found cached RTLIL representation for module `$paramod$8392c0aee371eac30cfcd917af9a6c37ac869d3e\pe'.
Parameter \DATA_WIDTH = 8
Parameter \ACC_WIDTH = 32
Found cached RTLIL representation for module `$paramod$8392c0aee371eac30cfcd917af9a6c37ac869d3e\pe'.
Parameter \DATA_WIDTH = 8
Parameter \ACC_WIDTH = 32
Found cached RTLIL representation for module `$paramod$8392c0aee371eac30cfcd917af9a6c37ac869d3e\pe'.
Parameter \DATA_WIDTH = 8
Parameter \ACC_WIDTH = 32
Found cached RTLIL representation for module `$paramod$8392c0aee371eac30cfcd917af9a6c37ac869d3e\pe'.
Parameter \DATA_WIDTH = 8
Parameter \ACC_WIDTH = 32
Found cached RTLIL representation for module `$paramod$8392c0aee371eac30cfcd917af9a6c37ac869d3e\pe'.
Parameter \DATA_WIDTH = 8
Parameter \ACC_WIDTH = 32
Found cached RTLIL representation for module `$paramod$8392c0aee371eac30cfcd917af9a6c37ac869d3e\pe'.
Parameter \DATA_WIDTH = 8
Parameter \ACC_WIDTH = 32
Found cached RTLIL representation for module `$paramod$8392c0aee371eac30cfcd917af9a6c37ac869d3e\pe'.
Parameter \DATA_WIDTH = 8
Parameter \ACC_WIDTH = 32
Found cached RTLIL representation for module `$paramod$8392c0aee371eac30cfcd917af9a6c37ac869d3e\pe'.
Parameter \DATA_WIDTH = 8
Parameter \ACC_WIDTH = 32
Found cached RTLIL representation for module `$paramod$8392c0aee371eac30cfcd917af9a6c37ac869d3e\pe'.
Parameter \DATA_WIDTH = 8
Parameter \ACC_WIDTH = 32
Found cached RTLIL representation for module `$paramod$8392c0aee371eac30cfcd917af9a6c37ac869d3e\pe'.
Parameter \DATA_WIDTH = 8
Parameter \ACC_WIDTH = 32
Found cached RTLIL representation for module `$paramod$8392c0aee371eac30cfcd917af9a6c37ac869d3e\pe'.
Parameter \DATA_WIDTH = 8
Parameter \ACC_WIDTH = 32
Found cached RTLIL representation for module `$paramod$8392c0aee371eac30cfcd917af9a6c37ac869d3e\pe'.
Parameter \DATA_WIDTH = 8
Parameter \ACC_WIDTH = 32
Found cached RTLIL representation for module `$paramod$8392c0aee371eac30cfcd917af9a6c37ac869d3e\pe'.

6.6. Analyzing design hierarchy..
Top module:  \matmul_16x16
Used module:     $paramod$8392c0aee371eac30cfcd917af9a6c37ac869d3e\pe_array_4x4
Used module:         $paramod$8392c0aee371eac30cfcd917af9a6c37ac869d3e\pe
Used module:             \mac
Used module:     \tile_controller
Parameter \DATA_WIDTH = 8
Parameter \ACC_WIDTH = 32
Found cached RTLIL representation for module `$paramod$8392c0aee371eac30cfcd917af9a6c37ac869d3e\mac'.

6.7. Analyzing design hierarchy..
Top module:  \matmul_16x16
Used module:     $paramod$8392c0aee371eac30cfcd917af9a6c37ac869d3e\pe_array_4x4
Used module:         $paramod$8392c0aee371eac30cfcd917af9a6c37ac869d3e\pe
Used module:             $paramod$8392c0aee371eac30cfcd917af9a6c37ac869d3e\mac
Used module:     \tile_controller

6.8. Analyzing design hierarchy..
Top module:  \matmul_16x16
Used module:     $paramod$8392c0aee371eac30cfcd917af9a6c37ac869d3e\pe_array_4x4
Used module:         $paramod$8392c0aee371eac30cfcd917af9a6c37ac869d3e\pe
Used module:             $paramod$8392c0aee371eac30cfcd917af9a6c37ac869d3e\mac
Used module:     \tile_controller
Removing unused module `\pe_array_4x4'.
Removing unused module `\pe'.
Removing unused module `\mac'.
Removed 3 unused modules.

7. Executing PROC pass (convert processes to netlists).

7.1. Executing PROC_CLEAN pass (remove empty switches from decision trees).
Cleaned up 0 empty switches.

7.2. Executing PROC_RMDEAD pass (remove dead branches from decision trees).
Marked 2 switch rules as full_case in process $proc$rtl/matmul_16x16.sv:0$89 in module matmul_16x16.
Marked 1 switch rules as full_case in process $proc$rtl/matmul_16x16.sv:181$81 in module matmul_16x16.
Marked 1 switch rules as full_case in process $proc$rtl/matmul_16x16.sv:0$80 in module matmul_16x16.
Removed 1 dead cases from process $proc$rtl/matmul_16x16.sv:0$79 in module matmul_16x16.
Marked 1 switch rules as full_case in process $proc$rtl/matmul_16x16.sv:0$79 in module matmul_16x16.
Marked 2 switch rules as full_case in process $proc$rtl/matmul_16x16.sv:133$58 in module matmul_16x16.
Marked 1 switch rules as full_case in process $proc$rtl/tile_controller.sv:0$54 in module tile_controller.
Marked 7 switch rules as full_case in process $proc$rtl/tile_controller.sv:29$40 in module tile_controller.
Marked 1 switch rules as full_case in process $proc$rtl/pe.sv:31$126 in module $paramod$8392c0aee371eac30cfcd917af9a6c37ac869d3e\pe.
Marked 2 switch rules as full_case in process $proc$rtl/mac.sv:16$122 in module $paramod$8392c0aee371eac30cfcd917af9a6c37ac869d3e\mac.
Removed a total of 1 dead cases.

7.3. Executing PROC_PRUNE pass (remove redundant assignments in processes).
Removed 0 redundant assignments.
Promoted 80 assignments to connections.

7.4. Executing PROC_INIT pass (extract init attributes).

7.5. Executing PROC_ARST pass (detect async resets in processes).
Found async reset \rst_n in `\tile_controller.$proc$rtl/tile_controller.sv:29$40'.
Found async reset \rst_n in `$paramod$8392c0aee371eac30cfcd917af9a6c37ac869d3e\pe.$proc$rtl/pe.sv:31$126'.
Found async reset \rst_n in `$paramod$8392c0aee371eac30cfcd917af9a6c37ac869d3e\mac.$proc$rtl/mac.sv:16$122'.

7.6. Executing PROC_ROM pass (convert switches to ROMs).
Converted 0 switches.
<suppressed ~18 debug messages>

7.7. Executing PROC_MUX pass (convert decision trees to multiplexers).
Creating decoders for process `\matmul_16x16.$proc$rtl/matmul_16x16.sv:0$89'.
     1/16: $2\b_col0[7:0]
     2/16: $2\a_row0[7:0]
     3/16: $2\b_col3[7:0]
     4/16: $2\b_col2[7:0]
     5/16: $2\b_col1[7:0]
     6/16: $2\a_row3[7:0]
     7/16: $2\a_row2[7:0]
     8/16: $2\a_row1[7:0]
     9/16: $1\b_col3[7:0]
    10/16: $1\b_col2[7:0]
    11/16: $1\b_col1[7:0]
    12/16: $1\b_col0[7:0]
    13/16: $1\a_row3[7:0]
    14/16: $1\a_row2[7:0]
    15/16: $1\a_row1[7:0]
    16/16: $1\a_row0[7:0]
Creating decoders for process `\matmul_16x16.$proc$rtl/matmul_16x16.sv:181$81'.
     1/4: $1$memwr$\c_mem$rtl/matmul_16x16.sv:183$57_EN[31:0]$87
     2/4: $1$memwr$\c_mem$rtl/matmul_16x16.sv:183$57_DATA[31:0]$86
     3/4: $1$memwr$\c_mem$rtl/matmul_16x16.sv:183$57_ADDR[7:0]$85
     4/4: $0\result_data[31:0]
Creating decoders for process `\matmul_16x16.$proc$rtl/matmul_16x16.sv:0$80'.
     1/1: $1\c_addr[7:0]
Creating decoders for process `\matmul_16x16.$proc$rtl/matmul_16x16.sv:0$79'.
     1/1: $1\c_write_data[31:0]
Creating decoders for process `\matmul_16x16.$proc$rtl/matmul_16x16.sv:133$58'.
     1/12: $2$memwr$\b_mem$rtl/matmul_16x16.sv:136$55_EN[7:0]$75
     2/12: $2$memwr$\b_mem$rtl/matmul_16x16.sv:136$55_DATA[7:0]$74
     3/12: $2$memwr$\b_mem$rtl/matmul_16x16.sv:136$55_ADDR[7:0]$73
     4/12: $2$memwr$\a_mem$rtl/matmul_16x16.sv:138$56_EN[7:0]$78
     5/12: $2$memwr$\a_mem$rtl/matmul_16x16.sv:138$56_DATA[7:0]$77
     6/12: $2$memwr$\a_mem$rtl/matmul_16x16.sv:138$56_ADDR[7:0]$76
     7/12: $1$memwr$\a_mem$rtl/matmul_16x16.sv:138$56_EN[7:0]$72
     8/12: $1$memwr$\a_mem$rtl/matmul_16x16.sv:138$56_DATA[7:0]$71
     9/12: $1$memwr$\a_mem$rtl/matmul_16x16.sv:138$56_ADDR[7:0]$70
    10/12: $1$memwr$\b_mem$rtl/matmul_16x16.sv:136$55_EN[7:0]$69
    11/12: $1$memwr$\b_mem$rtl/matmul_16x16.sv:136$55_DATA[7:0]$68
    12/12: $1$memwr$\b_mem$rtl/matmul_16x16.sv:136$55_ADDR[7:0]$67
Creating decoders for process `\tile_controller.$proc$rtl/tile_controller.sv:0$54'.
     1/5: $1\clear_array[0:0]
     2/5: $1\busy[0:0]
     3/5: $1\done[0:0]
     4/5: $1\save_result[0:0]
     5/5: $1\enable_array[0:0]
Creating decoders for process `\tile_controller.$proc$rtl/tile_controller.sv:29$40'.
     1/6: $0\state[2:0]
     2/6: $0\save_index[3:0]
     3/6: $0\cycle_count[3:0]
     4/6: $0\k_tile[1:0]
     5/6: $0\tile_col[1:0]
     6/6: $0\tile_row[1:0]
Creating decoders for process `$paramod$8392c0aee371eac30cfcd917af9a6c37ac869d3e\pe.$proc$rtl/pe.sv:31$126'.
     1/2: $0\b_out[7:0]
     2/2: $0\a_out[7:0]
Creating decoders for process `$paramod$8392c0aee371eac30cfcd917af9a6c37ac869d3e\pe_array_4x4.$proc$rtl/pe_array_4x4.sv:0$289'.
Creating decoders for process `$paramod$8392c0aee371eac30cfcd917af9a6c37ac869d3e\mac.$proc$rtl/mac.sv:16$122'.
     1/1: $0\acc[31:0]

7.8. Executing PROC_DLATCH pass (convert process syncs to latches).
No latch inferred for signal `\matmul_16x16.\a_row0' from process `\matmul_16x16.$proc$rtl/matmul_16x16.sv:0$89'.
No latch inferred for signal `\matmul_16x16.\a_row1' from process `\matmul_16x16.$proc$rtl/matmul_16x16.sv:0$89'.
No latch inferred for signal `\matmul_16x16.\a_row2' from process `\matmul_16x16.$proc$rtl/matmul_16x16.sv:0$89'.
No latch inferred for signal `\matmul_16x16.\a_row3' from process `\matmul_16x16.$proc$rtl/matmul_16x16.sv:0$89'.
No latch inferred for signal `\matmul_16x16.\b_col0' from process `\matmul_16x16.$proc$rtl/matmul_16x16.sv:0$89'.
No latch inferred for signal `\matmul_16x16.\b_col1' from process `\matmul_16x16.$proc$rtl/matmul_16x16.sv:0$89'.
No latch inferred for signal `\matmul_16x16.\b_col2' from process `\matmul_16x16.$proc$rtl/matmul_16x16.sv:0$89'.
No latch inferred for signal `\matmul_16x16.\b_col3' from process `\matmul_16x16.$proc$rtl/matmul_16x16.sv:0$89'.
No latch inferred for signal `\matmul_16x16.\c_addr' from process `\matmul_16x16.$proc$rtl/matmul_16x16.sv:0$80'.
No latch inferred for signal `\matmul_16x16.\c_write_data' from process `\matmul_16x16.$proc$rtl/matmul_16x16.sv:0$79'.
No latch inferred for signal `\tile_controller.\clear_array' from process `\tile_controller.$proc$rtl/tile_controller.sv:0$54'.
No latch inferred for signal `\tile_controller.\enable_array' from process `\tile_controller.$proc$rtl/tile_controller.sv:0$54'.
No latch inferred for signal `\tile_controller.\save_result' from process `\tile_controller.$proc$rtl/tile_controller.sv:0$54'.
No latch inferred for signal `\tile_controller.\busy' from process `\tile_controller.$proc$rtl/tile_controller.sv:0$54'.
No latch inferred for signal `\tile_controller.\done' from process `\tile_controller.$proc$rtl/tile_controller.sv:0$54'.
No latch inferred for signal `$paramod$8392c0aee371eac30cfcd917af9a6c37ac869d3e\pe_array_4x4.\a_bus[0]' from process `$paramod$8392c0aee371eac30cfcd917af9a6c37ac869d3e\pe_array_4x4.$proc$rtl/pe_array_4x4.sv:0$289'.
No latch inferred for signal `$paramod$8392c0aee371eac30cfcd917af9a6c37ac869d3e\pe_array_4x4.\a_bus[1]' from process `$paramod$8392c0aee371eac30cfcd917af9a6c37ac869d3e\pe_array_4x4.$proc$rtl/pe_array_4x4.sv:0$289'.
No latch inferred for signal `$paramod$8392c0aee371eac30cfcd917af9a6c37ac869d3e\pe_array_4x4.\a_bus[2]' from process `$paramod$8392c0aee371eac30cfcd917af9a6c37ac869d3e\pe_array_4x4.$proc$rtl/pe_array_4x4.sv:0$289'.
No latch inferred for signal `$paramod$8392c0aee371eac30cfcd917af9a6c37ac869d3e\pe_array_4x4.\a_bus[3]' from process `$paramod$8392c0aee371eac30cfcd917af9a6c37ac869d3e\pe_array_4x4.$proc$rtl/pe_array_4x4.sv:0$289'.
No latch inferred for signal `$paramod$8392c0aee371eac30cfcd917af9a6c37ac869d3e\pe_array_4x4.\a_bus[4]' from process `$paramod$8392c0aee371eac30cfcd917af9a6c37ac869d3e\pe_array_4x4.$proc$rtl/pe_array_4x4.sv:0$289'.
No latch inferred for signal `$paramod$8392c0aee371eac30cfcd917af9a6c37ac869d3e\pe_array_4x4.\a_bus[5]' from process `$paramod$8392c0aee371eac30cfcd917af9a6c37ac869d3e\pe_array_4x4.$proc$rtl/pe_array_4x4.sv:0$289'.
No latch inferred for signal `$paramod$8392c0aee371eac30cfcd917af9a6c37ac869d3e\pe_array_4x4.\a_bus[6]' from process `$paramod$8392c0aee371eac30cfcd917af9a6c37ac869d3e\pe_array_4x4.$proc$rtl/pe_array_4x4.sv:0$289'.
No latch inferred for signal `$paramod$8392c0aee371eac30cfcd917af9a6c37ac869d3e\pe_array_4x4.\a_bus[7]' from process `$paramod$8392c0aee371eac30cfcd917af9a6c37ac869d3e\pe_array_4x4.$proc$rtl/pe_array_4x4.sv:0$289'.
No latch inferred for signal `$paramod$8392c0aee371eac30cfcd917af9a6c37ac869d3e\pe_array_4x4.\a_bus[8]' from process `$paramod$8392c0aee371eac30cfcd917af9a6c37ac869d3e\pe_array_4x4.$proc$rtl/pe_array_4x4.sv:0$289'.
No latch inferred for signal `$paramod$8392c0aee371eac30cfcd917af9a6c37ac869d3e\pe_array_4x4.\a_bus[9]' from process `$paramod$8392c0aee371eac30cfcd917af9a6c37ac869d3e\pe_array_4x4.$proc$rtl/pe_array_4x4.sv:0$289'.
No latch inferred for signal `$paramod$8392c0aee371eac30cfcd917af9a6c37ac869d3e\pe_array_4x4.\a_bus[10]' from process `$paramod$8392c0aee371eac30cfcd917af9a6c37ac869d3e\pe_array_4x4.$proc$rtl/pe_array_4x4.sv:0$289'.
No latch inferred for signal `$paramod$8392c0aee371eac30cfcd917af9a6c37ac869d3e\pe_array_4x4.\a_bus[11]' from process `$paramod$8392c0aee371eac30cfcd917af9a6c37ac869d3e\pe_array_4x4.$proc$rtl/pe_array_4x4.sv:0$289'.
No latch inferred for signal `$paramod$8392c0aee371eac30cfcd917af9a6c37ac869d3e\pe_array_4x4.\a_bus[12]' from process `$paramod$8392c0aee371eac30cfcd917af9a6c37ac869d3e\pe_array_4x4.$proc$rtl/pe_array_4x4.sv:0$289'.
No latch inferred for signal `$paramod$8392c0aee371eac30cfcd917af9a6c37ac869d3e\pe_array_4x4.\a_bus[13]' from process `$paramod$8392c0aee371eac30cfcd917af9a6c37ac869d3e\pe_array_4x4.$proc$rtl/pe_array_4x4.sv:0$289'.
No latch inferred for signal `$paramod$8392c0aee371eac30cfcd917af9a6c37ac869d3e\pe_array_4x4.\a_bus[14]' from process `$paramod$8392c0aee371eac30cfcd917af9a6c37ac869d3e\pe_array_4x4.$proc$rtl/pe_array_4x4.sv:0$289'.
No latch inferred for signal `$paramod$8392c0aee371eac30cfcd917af9a6c37ac869d3e\pe_array_4x4.\a_bus[15]' from process `$paramod$8392c0aee371eac30cfcd917af9a6c37ac869d3e\pe_array_4x4.$proc$rtl/pe_array_4x4.sv:0$289'.
No latch inferred for signal `$paramod$8392c0aee371eac30cfcd917af9a6c37ac869d3e\pe_array_4x4.\a_bus[16]' from process `$paramod$8392c0aee371eac30cfcd917af9a6c37ac869d3e\pe_array_4x4.$proc$rtl/pe_array_4x4.sv:0$289'.
No latch inferred for signal `$paramod$8392c0aee371eac30cfcd917af9a6c37ac869d3e\pe_array_4x4.\a_bus[17]' from process `$paramod$8392c0aee371eac30cfcd917af9a6c37ac869d3e\pe_array_4x4.$proc$rtl/pe_array_4x4.sv:0$289'.
No latch inferred for signal `$paramod$8392c0aee371eac30cfcd917af9a6c37ac869d3e\pe_array_4x4.\a_bus[18]' from process `$paramod$8392c0aee371eac30cfcd917af9a6c37ac869d3e\pe_array_4x4.$proc$rtl/pe_array_4x4.sv:0$289'.
No latch inferred for signal `$paramod$8392c0aee371eac30cfcd917af9a6c37ac869d3e\pe_array_4x4.\a_bus[19]' from process `$paramod$8392c0aee371eac30cfcd917af9a6c37ac869d3e\pe_array_4x4.$proc$rtl/pe_array_4x4.sv:0$289'.
No latch inferred for signal `$paramod$8392c0aee371eac30cfcd917af9a6c37ac869d3e\pe_array_4x4.\b_bus[0]' from process `$paramod$8392c0aee371eac30cfcd917af9a6c37ac869d3e\pe_array_4x4.$proc$rtl/pe_array_4x4.sv:0$289'.
No latch inferred for signal `$paramod$8392c0aee371eac30cfcd917af9a6c37ac869d3e\pe_array_4x4.\b_bus[1]' from process `$paramod$8392c0aee371eac30cfcd917af9a6c37ac869d3e\pe_array_4x4.$proc$rtl/pe_array_4x4.sv:0$289'.
No latch inferred for signal `$paramod$8392c0aee371eac30cfcd917af9a6c37ac869d3e\pe_array_4x4.\b_bus[2]' from process `$paramod$8392c0aee371eac30cfcd917af9a6c37ac869d3e\pe_array_4x4.$proc$rtl/pe_array_4x4.sv:0$289'.
No latch inferred for signal `$paramod$8392c0aee371eac30cfcd917af9a6c37ac869d3e\pe_array_4x4.\b_bus[3]' from process `$paramod$8392c0aee371eac30cfcd917af9a6c37ac869d3e\pe_array_4x4.$proc$rtl/pe_array_4x4.sv:0$289'.
No latch inferred for signal `$paramod$8392c0aee371eac30cfcd917af9a6c37ac869d3e\pe_array_4x4.\b_bus[4]' from process `$paramod$8392c0aee371eac30cfcd917af9a6c37ac869d3e\pe_array_4x4.$proc$rtl/pe_array_4x4.sv:0$289'.
No latch inferred for signal `$paramod$8392c0aee371eac30cfcd917af9a6c37ac869d3e\pe_array_4x4.\b_bus[5]' from process `$paramod$8392c0aee371eac30cfcd917af9a6c37ac869d3e\pe_array_4x4.$proc$rtl/pe_array_4x4.sv:0$289'.
No latch inferred for signal `$paramod$8392c0aee371eac30cfcd917af9a6c37ac869d3e\pe_array_4x4.\b_bus[6]' from process `$paramod$8392c0aee371eac30cfcd917af9a6c37ac869d3e\pe_array_4x4.$proc$rtl/pe_array_4x4.sv:0$289'.
No latch inferred for signal `$paramod$8392c0aee371eac30cfcd917af9a6c37ac869d3e\pe_array_4x4.\b_bus[7]' from process `$paramod$8392c0aee371eac30cfcd917af9a6c37ac869d3e\pe_array_4x4.$proc$rtl/pe_array_4x4.sv:0$289'.
No latch inferred for signal `$paramod$8392c0aee371eac30cfcd917af9a6c37ac869d3e\pe_array_4x4.\b_bus[8]' from process `$paramod$8392c0aee371eac30cfcd917af9a6c37ac869d3e\pe_array_4x4.$proc$rtl/pe_array_4x4.sv:0$289'.
No latch inferred for signal `$paramod$8392c0aee371eac30cfcd917af9a6c37ac869d3e\pe_array_4x4.\b_bus[9]' from process `$paramod$8392c0aee371eac30cfcd917af9a6c37ac869d3e\pe_array_4x4.$proc$rtl/pe_array_4x4.sv:0$289'.
No latch inferred for signal `$paramod$8392c0aee371eac30cfcd917af9a6c37ac869d3e\pe_array_4x4.\b_bus[10]' from process `$paramod$8392c0aee371eac30cfcd917af9a6c37ac869d3e\pe_array_4x4.$proc$rtl/pe_array_4x4.sv:0$289'.
No latch inferred for signal `$paramod$8392c0aee371eac30cfcd917af9a6c37ac869d3e\pe_array_4x4.\b_bus[11]' from process `$paramod$8392c0aee371eac30cfcd917af9a6c37ac869d3e\pe_array_4x4.$proc$rtl/pe_array_4x4.sv:0$289'.
No latch inferred for signal `$paramod$8392c0aee371eac30cfcd917af9a6c37ac869d3e\pe_array_4x4.\b_bus[12]' from process `$paramod$8392c0aee371eac30cfcd917af9a6c37ac869d3e\pe_array_4x4.$proc$rtl/pe_array_4x4.sv:0$289'.
No latch inferred for signal `$paramod$8392c0aee371eac30cfcd917af9a6c37ac869d3e\pe_array_4x4.\b_bus[13]' from process `$paramod$8392c0aee371eac30cfcd917af9a6c37ac869d3e\pe_array_4x4.$proc$rtl/pe_array_4x4.sv:0$289'.
No latch inferred for signal `$paramod$8392c0aee371eac30cfcd917af9a6c37ac869d3e\pe_array_4x4.\b_bus[14]' from process `$paramod$8392c0aee371eac30cfcd917af9a6c37ac869d3e\pe_array_4x4.$proc$rtl/pe_array_4x4.sv:0$289'.
No latch inferred for signal `$paramod$8392c0aee371eac30cfcd917af9a6c37ac869d3e\pe_array_4x4.\b_bus[15]' from process `$paramod$8392c0aee371eac30cfcd917af9a6c37ac869d3e\pe_array_4x4.$proc$rtl/pe_array_4x4.sv:0$289'.
No latch inferred for signal `$paramod$8392c0aee371eac30cfcd917af9a6c37ac869d3e\pe_array_4x4.\b_bus[16]' from process `$paramod$8392c0aee371eac30cfcd917af9a6c37ac869d3e\pe_array_4x4.$proc$rtl/pe_array_4x4.sv:0$289'.
No latch inferred for signal `$paramod$8392c0aee371eac30cfcd917af9a6c37ac869d3e\pe_array_4x4.\b_bus[17]' from process `$paramod$8392c0aee371eac30cfcd917af9a6c37ac869d3e\pe_array_4x4.$proc$rtl/pe_array_4x4.sv:0$289'.
No latch inferred for signal `$paramod$8392c0aee371eac30cfcd917af9a6c37ac869d3e\pe_array_4x4.\b_bus[18]' from process `$paramod$8392c0aee371eac30cfcd917af9a6c37ac869d3e\pe_array_4x4.$proc$rtl/pe_array_4x4.sv:0$289'.
No latch inferred for signal `$paramod$8392c0aee371eac30cfcd917af9a6c37ac869d3e\pe_array_4x4.\b_bus[19]' from process `$paramod$8392c0aee371eac30cfcd917af9a6c37ac869d3e\pe_array_4x4.$proc$rtl/pe_array_4x4.sv:0$289'.
No latch inferred for signal `$paramod$8392c0aee371eac30cfcd917af9a6c37ac869d3e\pe_array_4x4.\acc_bus[0]' from process `$paramod$8392c0aee371eac30cfcd917af9a6c37ac869d3e\pe_array_4x4.$proc$rtl/pe_array_4x4.sv:0$289'.
No latch inferred for signal `$paramod$8392c0aee371eac30cfcd917af9a6c37ac869d3e\pe_array_4x4.\acc_bus[1]' from process `$paramod$8392c0aee371eac30cfcd917af9a6c37ac869d3e\pe_array_4x4.$proc$rtl/pe_array_4x4.sv:0$289'.
No latch inferred for signal `$paramod$8392c0aee371eac30cfcd917af9a6c37ac869d3e\pe_array_4x4.\acc_bus[2]' from process `$paramod$8392c0aee371eac30cfcd917af9a6c37ac869d3e\pe_array_4x4.$proc$rtl/pe_array_4x4.sv:0$289'.
No latch inferred for signal `$paramod$8392c0aee371eac30cfcd917af9a6c37ac869d3e\pe_array_4x4.\acc_bus[3]' from process `$paramod$8392c0aee371eac30cfcd917af9a6c37ac869d3e\pe_array_4x4.$proc$rtl/pe_array_4x4.sv:0$289'.
No latch inferred for signal `$paramod$8392c0aee371eac30cfcd917af9a6c37ac869d3e\pe_array_4x4.\acc_bus[4]' from process `$paramod$8392c0aee371eac30cfcd917af9a6c37ac869d3e\pe_array_4x4.$proc$rtl/pe_array_4x4.sv:0$289'.
No latch inferred for signal `$paramod$8392c0aee371eac30cfcd917af9a6c37ac869d3e\pe_array_4x4.\acc_bus[5]' from process `$paramod$8392c0aee371eac30cfcd917af9a6c37ac869d3e\pe_array_4x4.$proc$rtl/pe_array_4x4.sv:0$289'.
No latch inferred for signal `$paramod$8392c0aee371eac30cfcd917af9a6c37ac869d3e\pe_array_4x4.\acc_bus[6]' from process `$paramod$8392c0aee371eac30cfcd917af9a6c37ac869d3e\pe_array_4x4.$proc$rtl/pe_array_4x4.sv:0$289'.
No latch inferred for signal `$paramod$8392c0aee371eac30cfcd917af9a6c37ac869d3e\pe_array_4x4.\acc_bus[7]' from process `$paramod$8392c0aee371eac30cfcd917af9a6c37ac869d3e\pe_array_4x4.$proc$rtl/pe_array_4x4.sv:0$289'.
No latch inferred for signal `$paramod$8392c0aee371eac30cfcd917af9a6c37ac869d3e\pe_array_4x4.\acc_bus[8]' from process `$paramod$8392c0aee371eac30cfcd917af9a6c37ac869d3e\pe_array_4x4.$proc$rtl/pe_array_4x4.sv:0$289'.
No latch inferred for signal `$paramod$8392c0aee371eac30cfcd917af9a6c37ac869d3e\pe_array_4x4.\acc_bus[9]' from process `$paramod$8392c0aee371eac30cfcd917af9a6c37ac869d3e\pe_array_4x4.$proc$rtl/pe_array_4x4.sv:0$289'.
No latch inferred for signal `$paramod$8392c0aee371eac30cfcd917af9a6c37ac869d3e\pe_array_4x4.\acc_bus[10]' from process `$paramod$8392c0aee371eac30cfcd917af9a6c37ac869d3e\pe_array_4x4.$proc$rtl/pe_array_4x4.sv:0$289'.
No latch inferred for signal `$paramod$8392c0aee371eac30cfcd917af9a6c37ac869d3e\pe_array_4x4.\acc_bus[11]' from process `$paramod$8392c0aee371eac30cfcd917af9a6c37ac869d3e\pe_array_4x4.$proc$rtl/pe_array_4x4.sv:0$289'.
No latch inferred for signal `$paramod$8392c0aee371eac30cfcd917af9a6c37ac869d3e\pe_array_4x4.\acc_bus[12]' from process `$paramod$8392c0aee371eac30cfcd917af9a6c37ac869d3e\pe_array_4x4.$proc$rtl/pe_array_4x4.sv:0$289'.
No latch inferred for signal `$paramod$8392c0aee371eac30cfcd917af9a6c37ac869d3e\pe_array_4x4.\acc_bus[13]' from process `$paramod$8392c0aee371eac30cfcd917af9a6c37ac869d3e\pe_array_4x4.$proc$rtl/pe_array_4x4.sv:0$289'.
No latch inferred for signal `$paramod$8392c0aee371eac30cfcd917af9a6c37ac869d3e\pe_array_4x4.\acc_bus[14]' from process `$paramod$8392c0aee371eac30cfcd917af9a6c37ac869d3e\pe_array_4x4.$proc$rtl/pe_array_4x4.sv:0$289'.
No latch inferred for signal `$paramod$8392c0aee371eac30cfcd917af9a6c37ac869d3e\pe_array_4x4.\acc_bus[15]' from process `$paramod$8392c0aee371eac30cfcd917af9a6c37ac869d3e\pe_array_4x4.$proc$rtl/pe_array_4x4.sv:0$289'.

7.9. Executing PROC_DFF pass (convert process syncs to FFs).
Creating register for signal `\matmul_16x16.\result_data' using process `\matmul_16x16.$proc$rtl/matmul_16x16.sv:181$81'.
  created $dff cell `$procdff$607' with positive edge clock.
Creating register for signal `\matmul_16x16.$memwr$\c_mem$rtl/matmul_16x16.sv:183$57_ADDR' using process `\matmul_16x16.$proc$rtl/matmul_16x16.sv:181$81'.
  created $dff cell `$procdff$608' with positive edge clock.
Creating register for signal `\matmul_16x16.$memwr$\c_mem$rtl/matmul_16x16.sv:183$57_DATA' using process `\matmul_16x16.$proc$rtl/matmul_16x16.sv:181$81'.
  created $dff cell `$procdff$609' with positive edge clock.
Creating register for signal `\matmul_16x16.$memwr$\c_mem$rtl/matmul_16x16.sv:183$57_EN' using process `\matmul_16x16.$proc$rtl/matmul_16x16.sv:181$81'.
  created $dff cell `$procdff$610' with positive edge clock.
Creating register for signal `\matmul_16x16.$memwr$\b_mem$rtl/matmul_16x16.sv:136$55_ADDR' using process `\matmul_16x16.$proc$rtl/matmul_16x16.sv:133$58'.
  created $dff cell `$procdff$611' with positive edge clock.
Creating register for signal `\matmul_16x16.$memwr$\b_mem$rtl/matmul_16x16.sv:136$55_DATA' using process `\matmul_16x16.$proc$rtl/matmul_16x16.sv:133$58'.
  created $dff cell `$procdff$612' with positive edge clock.
Creating register for signal `\matmul_16x16.$memwr$\b_mem$rtl/matmul_16x16.sv:136$55_EN' using process `\matmul_16x16.$proc$rtl/matmul_16x16.sv:133$58'.
  created $dff cell `$procdff$613' with positive edge clock.
Creating register for signal `\matmul_16x16.$memwr$\a_mem$rtl/matmul_16x16.sv:138$56_ADDR' using process `\matmul_16x16.$proc$rtl/matmul_16x16.sv:133$58'.
  created $dff cell `$procdff$614' with positive edge clock.
Creating register for signal `\matmul_16x16.$memwr$\a_mem$rtl/matmul_16x16.sv:138$56_DATA' using process `\matmul_16x16.$proc$rtl/matmul_16x16.sv:133$58'.
  created $dff cell `$procdff$615' with positive edge clock.
Creating register for signal `\matmul_16x16.$memwr$\a_mem$rtl/matmul_16x16.sv:138$56_EN' using process `\matmul_16x16.$proc$rtl/matmul_16x16.sv:133$58'.
  created $dff cell `$procdff$616' with positive edge clock.
Creating register for signal `\tile_controller.\tile_row' using process `\tile_controller.$proc$rtl/tile_controller.sv:29$40'.
  created $adff cell `$procdff$617' with positive edge clock and negative level reset.
Creating register for signal `\tile_controller.\tile_col' using process `\tile_controller.$proc$rtl/tile_controller.sv:29$40'.
  created $adff cell `$procdff$618' with positive edge clock and negative level reset.
Creating register for signal `\tile_controller.\k_tile' using process `\tile_controller.$proc$rtl/tile_controller.sv:29$40'.
  created $adff cell `$procdff$619' with positive edge clock and negative level reset.
Creating register for signal `\tile_controller.\cycle_count' using process `\tile_controller.$proc$rtl/tile_controller.sv:29$40'.
  created $adff cell `$procdff$620' with positive edge clock and negative level reset.
Creating register for signal `\tile_controller.\save_index' using process `\tile_controller.$proc$rtl/tile_controller.sv:29$40'.
  created $adff cell `$procdff$621' with positive edge clock and negative level reset.
Creating register for signal `\tile_controller.\state' using process `\tile_controller.$proc$rtl/tile_controller.sv:29$40'.
  created $adff cell `$procdff$622' with positive edge clock and negative level reset.
Creating register for signal `$paramod$8392c0aee371eac30cfcd917af9a6c37ac869d3e\pe.\a_out' using process `$paramod$8392c0aee371eac30cfcd917af9a6c37ac869d3e\pe.$proc$rtl/pe.sv:31$126'.
  created $adff cell `$procdff$623' with positive edge clock and negative level reset.
Creating register for signal `$paramod$8392c0aee371eac30cfcd917af9a6c37ac869d3e\pe.\b_out' using process `$paramod$8392c0aee371eac30cfcd917af9a6c37ac869d3e\pe.$proc$rtl/pe.sv:31$126'.
  created $adff cell `$procdff$624' with positive edge clock and negative level reset.
Creating register for signal `$paramod$8392c0aee371eac30cfcd917af9a6c37ac869d3e\mac.\acc' using process `$paramod$8392c0aee371eac30cfcd917af9a6c37ac869d3e\mac.$proc$rtl/mac.sv:16$122'.
  created $adff cell `$procdff$625' with positive edge clock and negative level reset.

7.10. Executing PROC_MEMWR pass (convert process memory writes to cells).

7.11. Executing PROC_CLEAN pass (remove empty switches from decision trees).
Found and cleaned up 2 empty switches in `\matmul_16x16.$proc$rtl/matmul_16x16.sv:0$89'.
Removing empty process `matmul_16x16.$proc$rtl/matmul_16x16.sv:0$89'.
Found and cleaned up 1 empty switch in `\matmul_16x16.$proc$rtl/matmul_16x16.sv:181$81'.
Removing empty process `matmul_16x16.$proc$rtl/matmul_16x16.sv:181$81'.
Found and cleaned up 1 empty switch in `\matmul_16x16.$proc$rtl/matmul_16x16.sv:0$80'.
Removing empty process `matmul_16x16.$proc$rtl/matmul_16x16.sv:0$80'.
Found and cleaned up 1 empty switch in `\matmul_16x16.$proc$rtl/matmul_16x16.sv:0$79'.
Removing empty process `matmul_16x16.$proc$rtl/matmul_16x16.sv:0$79'.
Found and cleaned up 2 empty switches in `\matmul_16x16.$proc$rtl/matmul_16x16.sv:133$58'.
Removing empty process `matmul_16x16.$proc$rtl/matmul_16x16.sv:133$58'.
Found and cleaned up 1 empty switch in `\tile_controller.$proc$rtl/tile_controller.sv:0$54'.
Removing empty process `tile_controller.$proc$rtl/tile_controller.sv:0$54'.
Found and cleaned up 7 empty switches in `\tile_controller.$proc$rtl/tile_controller.sv:29$40'.
Removing empty process `tile_controller.$proc$rtl/tile_controller.sv:29$40'.
Found and cleaned up 1 empty switch in `$paramod$8392c0aee371eac30cfcd917af9a6c37ac869d3e\pe.$proc$rtl/pe.sv:31$126'.
Removing empty process `$paramod$8392c0aee371eac30cfcd917af9a6c37ac869d3e\pe.$proc$rtl/pe.sv:31$126'.
Removing empty process `$paramod$8392c0aee371eac30cfcd917af9a6c37ac869d3e\pe_array_4x4.$proc$rtl/pe_array_4x4.sv:0$289'.
Found and cleaned up 2 empty switches in `$paramod$8392c0aee371eac30cfcd917af9a6c37ac869d3e\mac.$proc$rtl/mac.sv:16$122'.
Removing empty process `$paramod$8392c0aee371eac30cfcd917af9a6c37ac869d3e\mac.$proc$rtl/mac.sv:16$122'.
Cleaned up 18 empty switches.

7.12. Executing OPT_EXPR pass (perform const folding).
Optimizing module matmul_16x16.
<suppressed ~3 debug messages>
Optimizing module tile_controller.
<suppressed ~6 debug messages>
Optimizing module $paramod$8392c0aee371eac30cfcd917af9a6c37ac869d3e\pe.
Optimizing module $paramod$8392c0aee371eac30cfcd917af9a6c37ac869d3e\pe_array_4x4.
Optimizing module $paramod$8392c0aee371eac30cfcd917af9a6c37ac869d3e\mac.

8. Executing OPT pass (performing simple optimizations).

8.1. Executing OPT_EXPR pass (perform const folding).
Optimizing module matmul_16x16.
Optimizing module tile_controller.
Optimizing module $paramod$8392c0aee371eac30cfcd917af9a6c37ac869d3e\pe.
Optimizing module $paramod$8392c0aee371eac30cfcd917af9a6c37ac869d3e\pe_array_4x4.
Optimizing module $paramod$8392c0aee371eac30cfcd917af9a6c37ac869d3e\mac.

8.2. Executing OPT_MERGE pass (detect identical cells).
Finding identical cells in module `\matmul_16x16'.
<suppressed ~75 debug messages>
Finding identical cells in module `\tile_controller'.
<suppressed ~63 debug messages>
Finding identical cells in module `$paramod$8392c0aee371eac30cfcd917af9a6c37ac869d3e\pe'.
Finding identical cells in module `$paramod$8392c0aee371eac30cfcd917af9a6c37ac869d3e\pe_array_4x4'.
Finding identical cells in module `$paramod$8392c0aee371eac30cfcd917af9a6c37ac869d3e\mac'.
Removed a total of 46 cells.

8.3. Executing OPT_MUXTREE pass (detect dead branches in mux trees).
Running muxtree optimizer on module \matmul_16x16..
  Creating internal representation of mux trees.
  Evaluating internal representation of mux trees.
  Analyzing evaluation results.
    dead port 2/2 on $mux $procmux$446.
    dead port 2/2 on $mux $procmux$440.
    dead port 2/2 on $mux $procmux$434.
    dead port 2/2 on $mux $procmux$372.
    dead port 2/2 on $mux $procmux$361.
    dead port 2/2 on $mux $procmux$351.
    dead port 2/2 on $mux $procmux$342.
    dead port 2/2 on $mux $procmux$331.
    dead port 2/2 on $mux $procmux$321.
    dead port 2/2 on $mux $procmux$312.
    dead port 2/2 on $mux $procmux$464.
    dead port 2/2 on $mux $procmux$300.
    dead port 2/2 on $mux $procmux$458.
    dead port 2/2 on $mux $procmux$452.
Running muxtree optimizer on module \tile_controller..
  Creating internal representation of mux trees.
  Evaluating internal representation of mux trees.
  Analyzing evaluation results.
Running muxtree optimizer on module $paramod$8392c0aee371eac30cfcd917af9a6c37ac869d3e\pe..
  Creating internal representation of mux trees.
  Evaluating internal representation of mux trees.
  Analyzing evaluation results.
Running muxtree optimizer on module $paramod$8392c0aee371eac30cfcd917af9a6c37ac869d3e\pe_array_4x4..
  Creating internal representation of mux trees.
  No muxes found in this module.
Running muxtree optimizer on module $paramod$8392c0aee371eac30cfcd917af9a6c37ac869d3e\mac..
  Creating internal representation of mux trees.
  Evaluating internal representation of mux trees.
  Analyzing evaluation results.
Removed 14 multiplexer ports.
<suppressed ~33 debug messages>

8.4. Executing OPT_REDUCE pass (consolidate $*mux and $reduce_* inputs).
  Optimizing cells in module \matmul_16x16.
    Consolidated identical input bits for $mux cell $procmux$399:
      Old ports: A=0, B=32'11111111111111111111111111111111, Y=$procmux$399_Y
      New ports: A=1'0, B=1'1, Y=$procmux$399_Y [0]
      New connections: $procmux$399_Y [31:1] = { $procmux$399_Y [0] $procmux$399_Y [0] $procmux$399_Y [0] $procmux$399_Y [0] $procmux$399_Y [0] $procmux$399_Y [0] $procmux$399_Y [0] $procmux$399_Y [0] $procmux$399_Y [0] $procmux$399_Y [0] $procmux$399_Y [0] $procmux$399_Y [0] $procmux$399_Y [0] $procmux$399_Y [0] $procmux$399_Y [0] $procmux$399_Y [0] $procmux$399_Y [0] $procmux$399_Y [0] $procmux$399_Y [0] $procmux$399_Y [0] $procmux$399_Y [0] $procmux$399_Y [0] $procmux$399_Y [0] $procmux$399_Y [0] $procmux$399_Y [0] $procmux$399_Y [0] $procmux$399_Y [0] $procmux$399_Y [0] $procmux$399_Y [0] $procmux$399_Y [0] $procmux$399_Y [0] }
    Consolidated identical input bits for $mux cell $procmux$432:
      Old ports: A=8'00000000, B=8'11111111, Y=$procmux$432_Y
      New ports: A=1'0, B=1'1, Y=$procmux$432_Y [0]
      New connections: $procmux$432_Y [7:1] = { $procmux$432_Y [0] $procmux$432_Y [0] $procmux$432_Y [0] $procmux$432_Y [0] $procmux$432_Y [0] $procmux$432_Y [0] $procmux$432_Y [0] }
    Consolidated identical input bits for $mux cell $procmux$450:
      Old ports: A=8'11111111, B=8'00000000, Y=$procmux$450_Y
      New ports: A=1'1, B=1'0, Y=$procmux$450_Y [0]
      New connections: $procmux$450_Y [7:1] = { $procmux$450_Y [0] $procmux$450_Y [0] $procmux$450_Y [0] $procmux$450_Y [0] $procmux$450_Y [0] $procmux$450_Y [0] $procmux$450_Y [0] }
  Optimizing cells in module \matmul_16x16.
    Consolidated identical input bits for $mux cell $procmux$476:
      Old ports: A=8'00000000, B=$2$memwr$\b_mem$rtl/matmul_16x16.sv:136$55_EN[7:0]$75, Y=$procmux$476_Y
      New ports: A=1'0, B=$procmux$432_Y [0], Y=$procmux$476_Y [0]
      New connections: $procmux$476_Y [7:1] = { $procmux$476_Y [0] $procmux$476_Y [0] $procmux$476_Y [0] $procmux$476_Y [0] $procmux$476_Y [0] $procmux$476_Y [0] $procmux$476_Y [0] }
    Consolidated identical input bits for $mux cell $procmux$467:
      Old ports: A=8'00000000, B=$2$memwr$\a_mem$rtl/matmul_16x16.sv:138$56_EN[7:0]$78, Y=$procmux$467_Y
      New ports: A=1'0, B=$procmux$450_Y [0], Y=$procmux$467_Y [0]
      New connections: $procmux$467_Y [7:1] = { $procmux$467_Y [0] $procmux$467_Y [0] $procmux$467_Y [0] $procmux$467_Y [0] $procmux$467_Y [0] $procmux$467_Y [0] $procmux$467_Y [0] }
  Optimizing cells in module \matmul_16x16.
  Optimizing cells in module \tile_controller.
    New ctrl vector for $pmux cell $procmux$551: { $auto$opt_reduce.cc:134:opt_pmux$630 $procmux$568_CMP }
    New ctrl vector for $pmux cell $procmux$534: { $auto$opt_reduce.cc:134:opt_pmux$632 $procmux$568_CMP $procmux$596_CMP }
    New ctrl vector for $pmux cell $procmux$492: $auto$opt_reduce.cc:134:opt_pmux$634
  Optimizing cells in module \tile_controller.
  Optimizing cells in module $paramod$8392c0aee371eac30cfcd917af9a6c37ac869d3e\pe.
  Optimizing cells in module $paramod$8392c0aee371eac30cfcd917af9a6c37ac869d3e\pe_array_4x4.
  Optimizing cells in module $paramod$8392c0aee371eac30cfcd917af9a6c37ac869d3e\mac.
Performed a total of 8 changes.

8.5. Executing OPT_MERGE pass (detect identical cells).
Finding identical cells in module `\matmul_16x16'.
Finding identical cells in module `\tile_controller'.
<suppressed ~3 debug messages>
Finding identical cells in module `$paramod$8392c0aee371eac30cfcd917af9a6c37ac869d3e\pe'.
Finding identical cells in module `$paramod$8392c0aee371eac30cfcd917af9a6c37ac869d3e\pe_array_4x4'.
Finding identical cells in module `$paramod$8392c0aee371eac30cfcd917af9a6c37ac869d3e\mac'.
Removed a total of 1 cells.

8.6. Executing OPT_DFF pass (perform DFF optimizations).
Adding EN signal on $procdff$607 ($dff) from module matmul_16x16 (D = $memrd$\c_mem$rtl/matmul_16x16.sv:185$88_DATA, Q = \result_data).
Adding EN signal on $procdff$620 ($adff) from module tile_controller (D = $procmux$551_Y, Q = \cycle_count).
Adding EN signal on $procdff$621 ($adff) from module tile_controller (D = $procmux$534_Y, Q = \save_index).
Adding EN signal on $procdff$622 ($adff) from module tile_controller (D = $procmux$516_Y, Q = \state).
Adding EN signal on $procdff$617 ($adff) from module tile_controller (D = $procmux$595_Y, Q = \tile_row).
Adding EN signal on $procdff$618 ($adff) from module tile_controller (D = $procmux$581_Y, Q = \tile_col).
Adding EN signal on $procdff$619 ($adff) from module tile_controller (D = $procmux$560_Y, Q = \k_tile).
Adding EN signal on $procdff$623 ($adff) from module $paramod$8392c0aee371eac30cfcd917af9a6c37ac869d3e\pe (D = \a_in, Q = \a_out).
Adding EN signal on $procdff$624 ($adff) from module $paramod$8392c0aee371eac30cfcd917af9a6c37ac869d3e\pe (D = \b_in, Q = \b_out).
Adding EN signal on $procdff$625 ($adff) from module $paramod$8392c0aee371eac30cfcd917af9a6c37ac869d3e\mac (D = $procmux$605_Y, Q = \acc).

8.7. Executing OPT_CLEAN pass (remove unused cells and wires).
Finding unused cells or wires in module \matmul_16x16..
Finding unused cells or wires in module \tile_controller..
Finding unused cells or wires in module $paramod$8392c0aee371eac30cfcd917af9a6c37ac869d3e\pe..
Finding unused cells or wires in module $paramod$8392c0aee371eac30cfcd917af9a6c37ac869d3e\pe_array_4x4..
Finding unused cells or wires in module $paramod$8392c0aee371eac30cfcd917af9a6c37ac869d3e\mac..
Removed 15 unused cells and 360 unused wires.
<suppressed ~20 debug messages>

8.8. Executing OPT_EXPR pass (perform const folding).
Optimizing module $paramod$8392c0aee371eac30cfcd917af9a6c37ac869d3e\mac.
<suppressed ~1 debug messages>
Optimizing module $paramod$8392c0aee371eac30cfcd917af9a6c37ac869d3e\pe.
Optimizing module $paramod$8392c0aee371eac30cfcd917af9a6c37ac869d3e\pe_array_4x4.
Optimizing module matmul_16x16.
Optimizing module tile_controller.
<suppressed ~5 debug messages>

8.9. Rerunning OPT passes. (Maybe there is more to do..)

8.10. Executing OPT_MUXTREE pass (detect dead branches in mux trees).
Running muxtree optimizer on module $paramod$8392c0aee371eac30cfcd917af9a6c37ac869d3e\mac..
  Creating internal representation of mux trees.
  Evaluating internal representation of mux trees.
  Analyzing evaluation results.
Running muxtree optimizer on module $paramod$8392c0aee371eac30cfcd917af9a6c37ac869d3e\pe..
  Creating internal representation of mux trees.
  No muxes found in this module.
Running muxtree optimizer on module $paramod$8392c0aee371eac30cfcd917af9a6c37ac869d3e\pe_array_4x4..
  Creating internal representation of mux trees.
  No muxes found in this module.
Running muxtree optimizer on module \matmul_16x16..
  Creating internal representation of mux trees.
  Evaluating internal representation of mux trees.
  Analyzing evaluation results.
Running muxtree optimizer on module \tile_controller..
  Creating internal representation of mux trees.
  Evaluating internal representation of mux trees.
  Analyzing evaluation results.
Removed 0 multiplexer ports.
<suppressed ~30 debug messages>

8.11. Executing OPT_REDUCE pass (consolidate $*mux and $reduce_* inputs).
  Optimizing cells in module $paramod$8392c0aee371eac30cfcd917af9a6c37ac869d3e\mac.
  Optimizing cells in module $paramod$8392c0aee371eac30cfcd917af9a6c37ac869d3e\pe.
  Optimizing cells in module $paramod$8392c0aee371eac30cfcd917af9a6c37ac869d3e\pe_array_4x4.
  Optimizing cells in module \matmul_16x16.
  Optimizing cells in module \tile_controller.
Performed a total of 0 changes.

8.12. Executing OPT_MERGE pass (detect identical cells).
Finding identical cells in module `$paramod$8392c0aee371eac30cfcd917af9a6c37ac869d3e\mac'.
Finding identical cells in module `$paramod$8392c0aee371eac30cfcd917af9a6c37ac869d3e\pe'.
Finding identical cells in module `$paramod$8392c0aee371eac30cfcd917af9a6c37ac869d3e\pe_array_4x4'.
Finding identical cells in module `\matmul_16x16'.
Finding identical cells in module `\tile_controller'.
<suppressed ~24 debug messages>
Removed a total of 8 cells.

8.13. Executing OPT_DFF pass (perform DFF optimizations).

8.14. Executing OPT_CLEAN pass (remove unused cells and wires).
Finding unused cells or wires in module $paramod$8392c0aee371eac30cfcd917af9a6c37ac869d3e\mac..
Finding unused cells or wires in module $paramod$8392c0aee371eac30cfcd917af9a6c37ac869d3e\pe..
Finding unused cells or wires in module $paramod$8392c0aee371eac30cfcd917af9a6c37ac869d3e\pe_array_4x4..
Finding unused cells or wires in module \matmul_16x16..
Finding unused cells or wires in module \tile_controller..
Removed 0 unused cells and 8 unused wires.
<suppressed ~1 debug messages>

8.15. Executing OPT_EXPR pass (perform const folding).
Optimizing module $paramod$8392c0aee371eac30cfcd917af9a6c37ac869d3e\mac.
Optimizing module $paramod$8392c0aee371eac30cfcd917af9a6c37ac869d3e\pe.
Optimizing module $paramod$8392c0aee371eac30cfcd917af9a6c37ac869d3e\pe_array_4x4.
Optimizing module matmul_16x16.
Optimizing module tile_controller.

8.16. Rerunning OPT passes. (Maybe there is more to do..)

8.17. Executing OPT_MUXTREE pass (detect dead branches in mux trees).
Running muxtree optimizer on module $paramod$8392c0aee371eac30cfcd917af9a6c37ac869d3e\mac..
  Creating internal representation of mux trees.
  Evaluating internal representation of mux trees.
  Analyzing evaluation results.
Running muxtree optimizer on module $paramod$8392c0aee371eac30cfcd917af9a6c37ac869d3e\pe..
  Creating internal representation of mux trees.
  No muxes found in this module.
Running muxtree optimizer on module $paramod$8392c0aee371eac30cfcd917af9a6c37ac869d3e\pe_array_4x4..
  Creating internal representation of mux trees.
  No muxes found in this module.
Running muxtree optimizer on module \matmul_16x16..
  Creating internal representation of mux trees.
  Evaluating internal representation of mux trees.
  Analyzing evaluation results.
Running muxtree optimizer on module \tile_controller..
  Creating internal representation of mux trees.
  Evaluating internal representation of mux trees.
  Analyzing evaluation results.
Removed 0 multiplexer ports.
<suppressed ~30 debug messages>

8.18. Executing OPT_REDUCE pass (consolidate $*mux and $reduce_* inputs).
  Optimizing cells in module $paramod$8392c0aee371eac30cfcd917af9a6c37ac869d3e\mac.
  Optimizing cells in module $paramod$8392c0aee371eac30cfcd917af9a6c37ac869d3e\pe.
  Optimizing cells in module $paramod$8392c0aee371eac30cfcd917af9a6c37ac869d3e\pe_array_4x4.
  Optimizing cells in module \matmul_16x16.
  Optimizing cells in module \tile_controller.
Performed a total of 0 changes.

8.19. Executing OPT_MERGE pass (detect identical cells).
Finding identical cells in module `$paramod$8392c0aee371eac30cfcd917af9a6c37ac869d3e\mac'.
Finding identical cells in module `$paramod$8392c0aee371eac30cfcd917af9a6c37ac869d3e\pe'.
Finding identical cells in module `$paramod$8392c0aee371eac30cfcd917af9a6c37ac869d3e\pe_array_4x4'.
Finding identical cells in module `\matmul_16x16'.
Finding identical cells in module `\tile_controller'.
Removed a total of 0 cells.

8.20. Executing OPT_DFF pass (perform DFF optimizations).

8.21. Executing OPT_CLEAN pass (remove unused cells and wires).
Finding unused cells or wires in module $paramod$8392c0aee371eac30cfcd917af9a6c37ac869d3e\mac..
Finding unused cells or wires in module $paramod$8392c0aee371eac30cfcd917af9a6c37ac869d3e\pe..
Finding unused cells or wires in module $paramod$8392c0aee371eac30cfcd917af9a6c37ac869d3e\pe_array_4x4..
Finding unused cells or wires in module \matmul_16x16..
Finding unused cells or wires in module \tile_controller..

8.22. Executing OPT_EXPR pass (perform const folding).
Optimizing module $paramod$8392c0aee371eac30cfcd917af9a6c37ac869d3e\mac.
Optimizing module $paramod$8392c0aee371eac30cfcd917af9a6c37ac869d3e\pe.
Optimizing module $paramod$8392c0aee371eac30cfcd917af9a6c37ac869d3e\pe_array_4x4.
Optimizing module matmul_16x16.
Optimizing module tile_controller.

8.23. Finished OPT passes. (There is nothing left to do.)

9. Executing FSM pass (extract and optimize FSM).

9.1. Executing FSM_DETECT pass (finding FSMs in design).

9.2. Executing FSM_EXTRACT pass (extracting FSM from design).

9.3. Executing FSM_OPT pass (simple optimizations of FSMs).

9.4. Executing OPT_CLEAN pass (remove unused cells and wires).
Finding unused cells or wires in module $paramod$8392c0aee371eac30cfcd917af9a6c37ac869d3e\mac..
Finding unused cells or wires in module $paramod$8392c0aee371eac30cfcd917af9a6c37ac869d3e\pe..
Finding unused cells or wires in module $paramod$8392c0aee371eac30cfcd917af9a6c37ac869d3e\pe_array_4x4..
Finding unused cells or wires in module \matmul_16x16..
Finding unused cells or wires in module \tile_controller..

9.5. Executing FSM_OPT pass (simple optimizations of FSMs).

9.6. Executing FSM_RECODE pass (re-assigning FSM state encoding).

9.7. Executing FSM_INFO pass (dumping all available information on FSM cells).

9.8. Executing FSM_MAP pass (mapping FSMs to basic logic).

10. Executing OPT pass (performing simple optimizations).

10.1. Executing OPT_EXPR pass (perform const folding).
Optimizing module $paramod$8392c0aee371eac30cfcd917af9a6c37ac869d3e\mac.
Optimizing module $paramod$8392c0aee371eac30cfcd917af9a6c37ac869d3e\pe.
Optimizing module $paramod$8392c0aee371eac30cfcd917af9a6c37ac869d3e\pe_array_4x4.
Optimizing module matmul_16x16.
Optimizing module tile_controller.

10.2. Executing OPT_MERGE pass (detect identical cells).
Finding identical cells in module `$paramod$8392c0aee371eac30cfcd917af9a6c37ac869d3e\mac'.
Finding identical cells in module `$paramod$8392c0aee371eac30cfcd917af9a6c37ac869d3e\pe'.
Finding identical cells in module `$paramod$8392c0aee371eac30cfcd917af9a6c37ac869d3e\pe_array_4x4'.
Finding identical cells in module `\matmul_16x16'.
Finding identical cells in module `\tile_controller'.
Removed a total of 0 cells.

10.3. Executing OPT_MUXTREE pass (detect dead branches in mux trees).
Running muxtree optimizer on module $paramod$8392c0aee371eac30cfcd917af9a6c37ac869d3e\mac..
  Creating internal representation of mux trees.
  Evaluating internal representation of mux trees.
  Analyzing evaluation results.
Running muxtree optimizer on module $paramod$8392c0aee371eac30cfcd917af9a6c37ac869d3e\pe..
  Creating internal representation of mux trees.
  No muxes found in this module.
Running muxtree optimizer on module $paramod$8392c0aee371eac30cfcd917af9a6c37ac869d3e\pe_array_4x4..
  Creating internal representation of mux trees.
  No muxes found in this module.
Running muxtree optimizer on module \matmul_16x16..
  Creating internal representation of mux trees.
  Evaluating internal representation of mux trees.
  Analyzing evaluation results.
Running muxtree optimizer on module \tile_controller..
  Creating internal representation of mux trees.
  Evaluating internal representation of mux trees.
  Analyzing evaluation results.
Removed 0 multiplexer ports.
<suppressed ~30 debug messages>

10.4. Executing OPT_REDUCE pass (consolidate $*mux and $reduce_* inputs).
  Optimizing cells in module $paramod$8392c0aee371eac30cfcd917af9a6c37ac869d3e\mac.
  Optimizing cells in module $paramod$8392c0aee371eac30cfcd917af9a6c37ac869d3e\pe.
  Optimizing cells in module $paramod$8392c0aee371eac30cfcd917af9a6c37ac869d3e\pe_array_4x4.
  Optimizing cells in module \matmul_16x16.
  Optimizing cells in module \tile_controller.
Performed a total of 0 changes.

10.5. Executing OPT_MERGE pass (detect identical cells).
Finding identical cells in module `$paramod$8392c0aee371eac30cfcd917af9a6c37ac869d3e\mac'.
Finding identical cells in module `$paramod$8392c0aee371eac30cfcd917af9a6c37ac869d3e\pe'.
Finding identical cells in module `$paramod$8392c0aee371eac30cfcd917af9a6c37ac869d3e\pe_array_4x4'.
Finding identical cells in module `\matmul_16x16'.
Finding identical cells in module `\tile_controller'.
Removed a total of 0 cells.

10.6. Executing OPT_DFF pass (perform DFF optimizations).

10.7. Executing OPT_CLEAN pass (remove unused cells and wires).
Finding unused cells or wires in module $paramod$8392c0aee371eac30cfcd917af9a6c37ac869d3e\mac..
Finding unused cells or wires in module $paramod$8392c0aee371eac30cfcd917af9a6c37ac869d3e\pe..
Finding unused cells or wires in module $paramod$8392c0aee371eac30cfcd917af9a6c37ac869d3e\pe_array_4x4..
Finding unused cells or wires in module \matmul_16x16..
Finding unused cells or wires in module \tile_controller..

10.8. Executing OPT_EXPR pass (perform const folding).
Optimizing module $paramod$8392c0aee371eac30cfcd917af9a6c37ac869d3e\mac.
Optimizing module $paramod$8392c0aee371eac30cfcd917af9a6c37ac869d3e\pe.
Optimizing module $paramod$8392c0aee371eac30cfcd917af9a6c37ac869d3e\pe_array_4x4.
Optimizing module matmul_16x16.
Optimizing module tile_controller.

10.9. Finished OPT passes. (There is nothing left to do.)

11. Executing MEMORY pass.

11.1. Executing OPT_MEM pass (optimize memories).
Performed a total of 0 transformations.

11.2. Executing OPT_MEM_PRIORITY pass (removing unnecessary memory write priority relations).
Performed a total of 0 transformations.

11.3. Executing OPT_MEM_FEEDBACK pass (finding memory read-to-write feedback paths).
  Analyzing matmul_16x16.a_mem write port 0.
  Analyzing matmul_16x16.b_mem write port 0.
  Analyzing matmul_16x16.c_mem write port 0.

11.4. Executing MEMORY_BMUX2ROM pass (converting muxes to ROMs).

11.5. Executing MEMORY_DFF pass (merging $dff cells to $memrd).
Checking read port `\a_mem'[0] in module `\matmul_16x16': no output FF found.
Checking read port `\a_mem'[1] in module `\matmul_16x16': no output FF found.
Checking read port `\a_mem'[2] in module `\matmul_16x16': no output FF found.
Checking read port `\a_mem'[3] in module `\matmul_16x16': no output FF found.
Checking read port `\a_mem'[4] in module `\matmul_16x16': no output FF found.
Checking read port `\a_mem'[5] in module `\matmul_16x16': no output FF found.
Checking read port `\a_mem'[6] in module `\matmul_16x16': no output FF found.
Checking read port `\a_mem'[7] in module `\matmul_16x16': no output FF found.
Checking read port `\a_mem'[8] in module `\matmul_16x16': no output FF found.
Checking read port `\a_mem'[9] in module `\matmul_16x16': no output FF found.
Checking read port `\a_mem'[10] in module `\matmul_16x16': no output FF found.
Checking read port `\a_mem'[11] in module `\matmul_16x16': no output FF found.
Checking read port `\a_mem'[12] in module `\matmul_16x16': no output FF found.
Checking read port `\a_mem'[13] in module `\matmul_16x16': no output FF found.
Checking read port `\a_mem'[14] in module `\matmul_16x16': no output FF found.
Checking read port `\a_mem'[15] in module `\matmul_16x16': no output FF found.
Checking read port `\b_mem'[0] in module `\matmul_16x16': no output FF found.
Checking read port `\b_mem'[1] in module `\matmul_16x16': no output FF found.
Checking read port `\b_mem'[2] in module `\matmul_16x16': no output FF found.
Checking read port `\b_mem'[3] in module `\matmul_16x16': no output FF found.
Checking read port `\b_mem'[4] in module `\matmul_16x16': no output FF found.
Checking read port `\b_mem'[5] in module `\matmul_16x16': no output FF found.
Checking read port `\b_mem'[6] in module `\matmul_16x16': no output FF found.
Checking read port `\b_mem'[7] in module `\matmul_16x16': no output FF found.
Checking read port `\b_mem'[8] in module `\matmul_16x16': no output FF found.
Checking read port `\b_mem'[9] in module `\matmul_16x16': no output FF found.
Checking read port `\b_mem'[10] in module `\matmul_16x16': no output FF found.
Checking read port `\b_mem'[11] in module `\matmul_16x16': no output FF found.
Checking read port `\b_mem'[12] in module `\matmul_16x16': no output FF found.
Checking read port `\b_mem'[13] in module `\matmul_16x16': no output FF found.
Checking read port `\b_mem'[14] in module `\matmul_16x16': no output FF found.
Checking read port `\b_mem'[15] in module `\matmul_16x16': no output FF found.
Checking read port `\c_mem'[0] in module `\matmul_16x16': merging output FF to cell.
    Write port 0: don't care on collision.
Checking read port address `\a_mem'[0] in module `\matmul_16x16': no address FF found.
Checking read port address `\a_mem'[1] in module `\matmul_16x16': no address FF found.
Checking read port address `\a_mem'[2] in module `\matmul_16x16': no address FF found.
Checking read port address `\a_mem'[3] in module `\matmul_16x16': no address FF found.
Checking read port address `\a_mem'[4] in module `\matmul_16x16': no address FF found.
Checking read port address `\a_mem'[5] in module `\matmul_16x16': no address FF found.
Checking read port address `\a_mem'[6] in module `\matmul_16x16': no address FF found.
Checking read port address `\a_mem'[7] in module `\matmul_16x16': no address FF found.
Checking read port address `\a_mem'[8] in module `\matmul_16x16': no address FF found.
Checking read port address `\a_mem'[9] in module `\matmul_16x16': no address FF found.
Checking read port address `\a_mem'[10] in module `\matmul_16x16': no address FF found.
Checking read port address `\a_mem'[11] in module `\matmul_16x16': no address FF found.
Checking read port address `\a_mem'[12] in module `\matmul_16x16': no address FF found.
Checking read port address `\a_mem'[13] in module `\matmul_16x16': no address FF found.
Checking read port address `\a_mem'[14] in module `\matmul_16x16': no address FF found.
Checking read port address `\a_mem'[15] in module `\matmul_16x16': no address FF found.
Checking read port address `\b_mem'[0] in module `\matmul_16x16': no address FF found.
Checking read port address `\b_mem'[1] in module `\matmul_16x16': no address FF found.
Checking read port address `\b_mem'[2] in module `\matmul_16x16': no address FF found.
Checking read port address `\b_mem'[3] in module `\matmul_16x16': no address FF found.
Checking read port address `\b_mem'[4] in module `\matmul_16x16': no address FF found.
Checking read port address `\b_mem'[5] in module `\matmul_16x16': no address FF found.
Checking read port address `\b_mem'[6] in module `\matmul_16x16': no address FF found.
Checking read port address `\b_mem'[7] in module `\matmul_16x16': no address FF found.
Checking read port address `\b_mem'[8] in module `\matmul_16x16': no address FF found.
Checking read port address `\b_mem'[9] in module `\matmul_16x16': no address FF found.
Checking read port address `\b_mem'[10] in module `\matmul_16x16': no address FF found.
Checking read port address `\b_mem'[11] in module `\matmul_16x16': no address FF found.
Checking read port address `\b_mem'[12] in module `\matmul_16x16': no address FF found.
Checking read port address `\b_mem'[13] in module `\matmul_16x16': no address FF found.
Checking read port address `\b_mem'[14] in module `\matmul_16x16': no address FF found.
Checking read port address `\b_mem'[15] in module `\matmul_16x16': no address FF found.

11.6. Executing OPT_CLEAN pass (remove unused cells and wires).
Finding unused cells or wires in module $paramod$8392c0aee371eac30cfcd917af9a6c37ac869d3e\mac..
Finding unused cells or wires in module $paramod$8392c0aee371eac30cfcd917af9a6c37ac869d3e\pe..
Finding unused cells or wires in module $paramod$8392c0aee371eac30cfcd917af9a6c37ac869d3e\pe_array_4x4..
Finding unused cells or wires in module \matmul_16x16..
Finding unused cells or wires in module \tile_controller..
Removed 1 unused cells and 33 unused wires.
<suppressed ~2 debug messages>

11.7. Executing MEMORY_SHARE pass (consolidating $memrd/$memwr cells).
Consolidating read ports of memory matmul_16x16.a_mem by address:
  Merging ports 0, 1 (address { \tile_row 2'11 \k_tile 2'11 }).
  Merging ports 0, 3 (address { \tile_row 2'11 \k_tile 2'10 }).
  Merging ports 0, 6 (address { \tile_row 2'11 \k_tile 2'00 }).
  Merging ports 2, 4 (address { \tile_row 2'10 \k_tile 2'11 }).
  Merging ports 2, 7 (address { \tile_row 2'10 \k_tile 2'10 }).
  Merging ports 2, 10 (address { \tile_row 2'10 \k_tile 2'00 }).
  Merging ports 5, 8 (address { \tile_row 2'01 \k_tile 2'11 }).
  Merging ports 5, 11 (address { \tile_row 2'01 \k_tile 2'10 }).
  Merging ports 5, 13 (address { \tile_row 2'01 \k_tile 2'00 }).
  Merging ports 9, 12 (address { \tile_row 2'00 \k_tile 2'11 }).
  Merging ports 9, 14 (address { \tile_row 2'00 \k_tile 2'10 }).
  Merging ports 9, 15 (address { \tile_row 2'00 \k_tile 2'00 }).
Consolidating read ports of memory matmul_16x16.a_mem by address:
Consolidating read ports of memory matmul_16x16.b_mem by address:
  Merging ports 0, 2 (address { \k_tile 2'11 \tile_col 2'11 }).
  Merging ports 0, 5 (address { \k_tile 2'11 \tile_col 2'10 }).
  Merging ports 0, 9 (address { \k_tile 2'11 \tile_col 2'00 }).
  Merging ports 1, 4 (address { \k_tile 2'10 \tile_col 2'11 }).
  Merging ports 1, 8 (address { \k_tile 2'10 \tile_col 2'10 }).
  Merging ports 1, 12 (address { \k_tile 2'10 \tile_col 2'00 }).
  Merging ports 3, 7 (address { \k_tile 2'01 \tile_col 2'11 }).
  Merging ports 3, 11 (address { \k_tile 2'01 \tile_col 2'10 }).
  Merging ports 3, 14 (address { \k_tile 2'01 \tile_col 2'00 }).
  Merging ports 6, 10 (address { \k_tile 2'00 \tile_col 2'11 }).
  Merging ports 6, 13 (address { \k_tile 2'00 \tile_col 2'10 }).
  Merging ports 6, 15 (address { \k_tile 2'00 \tile_col 2'00 }).
Consolidating read ports of memory matmul_16x16.b_mem by address:

11.8. Executing OPT_MEM_WIDEN pass (optimize memories where all ports are wide).
Performed a total of 0 transformations.

11.9. Executing OPT_CLEAN pass (remove unused cells and wires).
Finding unused cells or wires in module $paramod$8392c0aee371eac30cfcd917af9a6c37ac869d3e\mac..
Finding unused cells or wires in module $paramod$8392c0aee371eac30cfcd917af9a6c37ac869d3e\pe..
Finding unused cells or wires in module $paramod$8392c0aee371eac30cfcd917af9a6c37ac869d3e\pe_array_4x4..
Finding unused cells or wires in module \matmul_16x16..
Finding unused cells or wires in module \tile_controller..
Removed 0 unused cells and 40 unused wires.
<suppressed ~1 debug messages>

11.10. Executing MEMORY_COLLECT pass (generating $mem cells).

11.11. Executing MEMORY_MAP pass (converting memories to logic and flip-flops).
Mapping memory \a_mem in module \matmul_16x16:
  created 256 $dff cells and 0 static cells of width 8.
  read interface: 0 $dff and 252 $mux cells.
  write interface: 256 write mux blocks.
Mapping memory \b_mem in module \matmul_16x16:
  created 256 $dff cells and 0 static cells of width 8.
  read interface: 0 $dff and 252 $mux cells.
  write interface: 256 write mux blocks.
Mapping memory \c_mem in module \matmul_16x16:
  created 256 $dff cells and 0 static cells of width 32.
Extracted data FF from read port 0 of matmul_16x16.c_mem: $\c_mem$rdreg[0]
  read interface: 1 $dff and 255 $mux cells.
  write interface: 256 write mux blocks.

12. Executing OPT pass (performing simple optimizations).

12.1. Executing OPT_EXPR pass (perform const folding).
Optimizing module $paramod$8392c0aee371eac30cfcd917af9a6c37ac869d3e\mac.
Optimizing module $paramod$8392c0aee371eac30cfcd917af9a6c37ac869d3e\pe.
Optimizing module $paramod$8392c0aee371eac30cfcd917af9a6c37ac869d3e\pe_array_4x4.
Optimizing module matmul_16x16.
<suppressed ~145 debug messages>
Optimizing module tile_controller.

12.2. Executing OPT_MERGE pass (detect identical cells).
Finding identical cells in module `$paramod$8392c0aee371eac30cfcd917af9a6c37ac869d3e\mac'.
Finding identical cells in module `$paramod$8392c0aee371eac30cfcd917af9a6c37ac869d3e\pe'.
Finding identical cells in module `$paramod$8392c0aee371eac30cfcd917af9a6c37ac869d3e\pe_array_4x4'.
Finding identical cells in module `\matmul_16x16'.
Finding identical cells in module `\tile_controller'.
Removed a total of 0 cells.

12.3. Executing OPT_MUXTREE pass (detect dead branches in mux trees).
Running muxtree optimizer on module $paramod$8392c0aee371eac30cfcd917af9a6c37ac869d3e\mac..
  Creating internal representation of mux trees.
  Evaluating internal representation of mux trees.
  Analyzing evaluation results.
Running muxtree optimizer on module $paramod$8392c0aee371eac30cfcd917af9a6c37ac869d3e\pe..
  Creating internal representation of mux trees.
  No muxes found in this module.
Running muxtree optimizer on module $paramod$8392c0aee371eac30cfcd917af9a6c37ac869d3e\pe_array_4x4..
  Creating internal representation of mux trees.
  No muxes found in this module.
Running muxtree optimizer on module \matmul_16x16..
  Creating internal representation of mux trees.
  Evaluating internal representation of mux trees.
  Analyzing evaluation results.
    dead port 1/2 on $mux $memory\b_mem$rdmux[3][5][31]$5015.
    dead port 2/2 on $mux $memory\b_mem$rdmux[3][5][31]$5015.
    dead port 1/2 on $mux $memory\b_mem$rdmux[3][5][30]$5012.
    dead port 2/2 on $mux $memory\b_mem$rdmux[3][5][30]$5012.
    dead port 1/2 on $mux $memory\b_mem$rdmux[3][5][29]$5009.
    dead port 2/2 on $mux $memory\b_mem$rdmux[3][5][29]$5009.
    dead port 1/2 on $mux $memory\b_mem$rdmux[3][5][28]$5006.
    dead port 2/2 on $mux $memory\b_mem$rdmux[3][5][28]$5006.
    dead port 1/2 on $mux $memory\b_mem$rdmux[3][5][27]$5003.
    dead port 2/2 on $mux $memory\b_mem$rdmux[3][5][27]$5003.
    dead port 1/2 on $mux $memory\b_mem$rdmux[3][5][26]$5000.
    dead port 2/2 on $mux $memory\b_mem$rdmux[3][5][26]$5000.
    dead port 1/2 on $mux $memory\b_mem$rdmux[3][5][23]$4991.
    dead port 2/2 on $mux $memory\b_mem$rdmux[3][5][23]$4991.
    dead port 1/2 on $mux $memory\b_mem$rdmux[3][5][22]$4988.
    dead port 2/2 on $mux $memory\b_mem$rdmux[3][5][22]$4988.
    dead port 1/2 on $mux $memory\b_mem$rdmux[3][5][21]$4985.
    dead port 2/2 on $mux $memory\b_mem$rdmux[3][5][21]$4985.
    dead port 1/2 on $mux $memory\b_mem$rdmux[3][5][20]$4982.
    dead port 2/2 on $mux $memory\b_mem$rdmux[3][5][20]$4982.
    dead port 1/2 on $mux $memory\b_mem$rdmux[3][5][19]$4979.
    dead port 2/2 on $mux $memory\b_mem$rdmux[3][5][19]$4979.
    dead port 1/2 on $mux $memory\b_mem$rdmux[3][5][18]$4976.
    dead port 2/2 on $mux $memory\b_mem$rdmux[3][5][18]$4976.
    dead port 1/2 on $mux $memory\b_mem$rdmux[3][5][15]$4967.
    dead port 2/2 on $mux $memory\b_mem$rdmux[3][5][15]$4967.
    dead port 1/2 on $mux $memory\b_mem$rdmux[3][5][14]$4964.
    dead port 2/2 on $mux $memory\b_mem$rdmux[3][5][14]$4964.
    dead port 1/2 on $mux $memory\b_mem$rdmux[3][5][13]$4961.
    dead port 2/2 on $mux $memory\b_mem$rdmux[3][5][13]$4961.
    dead port 1/2 on $mux $memory\b_mem$rdmux[3][5][12]$4958.
    dead port 2/2 on $mux $memory\b_mem$rdmux[3][5][12]$4958.
    dead port 1/2 on $mux $memory\b_mem$rdmux[3][5][11]$4955.
    dead port 2/2 on $mux $memory\b_mem$rdmux[3][5][11]$4955.
    dead port 1/2 on $mux $memory\b_mem$rdmux[3][5][10]$4952.
    dead port 2/2 on $mux $memory\b_mem$rdmux[3][5][10]$4952.
    dead port 1/2 on $mux $memory\b_mem$rdmux[3][5][7]$4943.
    dead port 2/2 on $mux $memory\b_mem$rdmux[3][5][7]$4943.
    dead port 1/2 on $mux $memory\b_mem$rdmux[3][5][6]$4940.
    dead port 2/2 on $mux $memory\b_mem$rdmux[3][5][6]$4940.
    dead port 1/2 on $mux $memory\b_mem$rdmux[3][5][5]$4937.
    dead port 2/2 on $mux $memory\b_mem$rdmux[3][5][5]$4937.
    dead port 1/2 on $mux $memory\b_mem$rdmux[3][5][4]$4934.
    dead port 2/2 on $mux $memory\b_mem$rdmux[3][5][4]$4934.
    dead port 1/2 on $mux $memory\b_mem$rdmux[3][5][3]$4931.
    dead port 2/2 on $mux $memory\b_mem$rdmux[3][5][3]$4931.
    dead port 1/2 on $mux $memory\b_mem$rdmux[3][5][2]$4928.
    dead port 2/2 on $mux $memory\b_mem$rdmux[3][5][2]$4928.
    dead port 1/2 on $mux $memory\b_mem$rdmux[3][4][15]$4919.
    dead port 2/2 on $mux $memory\b_mem$rdmux[3][4][15]$4919.
    dead port 1/2 on $mux $memory\b_mem$rdmux[3][4][14]$4916.
    dead port 2/2 on $mux $memory\b_mem$rdmux[3][4][14]$4916.
    dead port 1/2 on $mux $memory\b_mem$rdmux[3][4][13]$4913.
    dead port 2/2 on $mux $memory\b_mem$rdmux[3][4][13]$4913.
    dead port 1/2 on $mux $memory\b_mem$rdmux[3][4][11]$4907.
    dead port 2/2 on $mux $memory\b_mem$rdmux[3][4][11]$4907.
    dead port 1/2 on $mux $memory\b_mem$rdmux[3][4][10]$4904.
    dead port 2/2 on $mux $memory\b_mem$rdmux[3][4][10]$4904.
    dead port 1/2 on $mux $memory\b_mem$rdmux[3][4][9]$4901.
    dead port 2/2 on $mux $memory\b_mem$rdmux[3][4][9]$4901.
    dead port 1/2 on $mux $memory\b_mem$rdmux[3][4][7]$4895.
    dead port 2/2 on $mux $memory\b_mem$rdmux[3][4][7]$4895.
    dead port 1/2 on $mux $memory\b_mem$rdmux[3][4][6]$4892.
    dead port 2/2 on $mux $memory\b_mem$rdmux[3][4][6]$4892.
    dead port 1/2 on $mux $memory\b_mem$rdmux[3][4][5]$4889.
    dead port 2/2 on $mux $memory\b_mem$rdmux[3][4][5]$4889.
    dead port 1/2 on $mux $memory\b_mem$rdmux[3][4][3]$4883.
    dead port 2/2 on $mux $memory\b_mem$rdmux[3][4][3]$4883.
    dead port 1/2 on $mux $memory\b_mem$rdmux[3][4][2]$4880.
    dead port 2/2 on $mux $memory\b_mem$rdmux[3][4][2]$4880.
    dead port 1/2 on $mux $memory\b_mem$rdmux[3][4][1]$4877.
    dead port 2/2 on $mux $memory\b_mem$rdmux[3][4][1]$4877.
    dead port 1/2 on $mux $memory\b_mem$rdmux[2][5][31]$4826.
    dead port 2/2 on $mux $memory\b_mem$rdmux[2][5][31]$4826.
    dead port 1/2 on $mux $memory\b_mem$rdmux[2][5][30]$4823.
    dead port 2/2 on $mux $memory\b_mem$rdmux[2][5][30]$4823.
    dead port 1/2 on $mux $memory\b_mem$rdmux[2][5][29]$4820.
    dead port 2/2 on $mux $memory\b_mem$rdmux[2][5][29]$4820.
    dead port 1/2 on $mux $memory\b_mem$rdmux[2][5][28]$4817.
    dead port 2/2 on $mux $memory\b_mem$rdmux[2][5][28]$4817.
    dead port 1/2 on $mux $memory\b_mem$rdmux[2][5][25]$4808.
    dead port 2/2 on $mux $memory\b_mem$rdmux[2][5][25]$4808.
    dead port 1/2 on $mux $memory\b_mem$rdmux[2][5][24]$4805.
    dead port 2/2 on $mux $memory\b_mem$rdmux[2][5][24]$4805.
    dead port 1/2 on $mux $memory\b_mem$rdmux[2][5][23]$4802.
    dead port 2/2 on $mux $memory\b_mem$rdmux[2][5][23]$4802.
    dead port 1/2 on $mux $memory\b_mem$rdmux[2][5][22]$4799.
    dead port 2/2 on $mux $memory\b_mem$rdmux[2][5][22]$4799.
    dead port 1/2 on $mux $memory\b_mem$rdmux[2][5][21]$4796.
    dead port 2/2 on $mux $memory\b_mem$rdmux[2][5][21]$4796.
    dead port 1/2 on $mux $memory\b_mem$rdmux[2][5][20]$4793.
    dead port 2/2 on $mux $memory\b_mem$rdmux[2][5][20]$4793.
    dead port 1/2 on $mux $memory\b_mem$rdmux[2][5][17]$4784.
    dead port 2/2 on $mux $memory\b_mem$rdmux[2][5][17]$4784.
    dead port 1/2 on $mux $memory\b_mem$rdmux[2][5][16]$4781.
    dead port 2/2 on $mux $memory\b_mem$rdmux[2][5][16]$4781.
    dead port 1/2 on $mux $memory\b_mem$rdmux[2][5][15]$4778.
    dead port 2/2 on $mux $memory\b_mem$rdmux[2][5][15]$4778.
    dead port 1/2 on $mux $memory\b_mem$rdmux[2][5][14]$4775.
    dead port 2/2 on $mux $memory\b_mem$rdmux[2][5][14]$4775.
    dead port 1/2 on $mux $memory\b_mem$rdmux[2][5][13]$4772.
    dead port 2/2 on $mux $memory\b_mem$rdmux[2][5][13]$4772.
    dead port 1/2 on $mux $memory\b_mem$rdmux[2][5][12]$4769.
    dead port 2/2 on $mux $memory\b_mem$rdmux[2][5][12]$4769.
    dead port 1/2 on $mux $memory\b_mem$rdmux[2][5][9]$4760.
    dead port 2/2 on $mux $memory\b_mem$rdmux[2][5][9]$4760.
    dead port 1/2 on $mux $memory\b_mem$rdmux[2][5][8]$4757.
    dead port 2/2 on $mux $memory\b_mem$rdmux[2][5][8]$4757.
    dead port 1/2 on $mux $memory\b_mem$rdmux[2][5][7]$4754.
    dead port 2/2 on $mux $memory\b_mem$rdmux[2][5][7]$4754.
    dead port 1/2 on $mux $memory\b_mem$rdmux[2][5][6]$4751.
    dead port 2/2 on $mux $memory\b_mem$rdmux[2][5][6]$4751.
    dead port 1/2 on $mux $memory\b_mem$rdmux[2][5][5]$4748.
    dead port 2/2 on $mux $memory\b_mem$rdmux[2][5][5]$4748.
    dead port 1/2 on $mux $memory\b_mem$rdmux[2][5][4]$4745.
    dead port 2/2 on $mux $memory\b_mem$rdmux[2][5][4]$4745.
    dead port 1/2 on $mux $memory\b_mem$rdmux[2][5][1]$4736.
    dead port 2/2 on $mux $memory\b_mem$rdmux[2][5][1]$4736.
    dead port 1/2 on $mux $memory\b_mem$rdmux[2][5][0]$4733.
    dead port 2/2 on $mux $memory\b_mem$rdmux[2][5][0]$4733.
    dead port 1/2 on $mux $memory\b_mem$rdmux[2][4][15]$4730.
    dead port 2/2 on $mux $memory\b_mem$rdmux[2][4][15]$4730.
    dead port 1/2 on $mux $memory\b_mem$rdmux[2][4][14]$4727.
    dead port 2/2 on $mux $memory\b_mem$rdmux[2][4][14]$4727.
    dead port 1/2 on $mux $memory\b_mem$rdmux[2][4][12]$4721.
    dead port 2/2 on $mux $memory\b_mem$rdmux[2][4][12]$4721.
    dead port 1/2 on $mux $memory\b_mem$rdmux[2][4][11]$4718.
    dead port 2/2 on $mux $memory\b_mem$rdmux[2][4][11]$4718.
    dead port 1/2 on $mux $memory\b_mem$rdmux[2][4][10]$4715.
    dead port 2/2 on $mux $memory\b_mem$rdmux[2][4][10]$4715.
    dead port 1/2 on $mux $memory\b_mem$rdmux[2][4][8]$4709.
    dead port 2/2 on $mux $memory\b_mem$rdmux[2][4][8]$4709.
    dead port 1/2 on $mux $memory\b_mem$rdmux[2][4][7]$4706.
    dead port 2/2 on $mux $memory\b_mem$rdmux[2][4][7]$4706.
    dead port 1/2 on $mux $memory\b_mem$rdmux[2][4][6]$4703.
    dead port 2/2 on $mux $memory\b_mem$rdmux[2][4][6]$4703.
    dead port 1/2 on $mux $memory\b_mem$rdmux[2][4][4]$4697.
    dead port 2/2 on $mux $memory\b_mem$rdmux[2][4][4]$4697.
    dead port 1/2 on $mux $memory\b_mem$rdmux[2][4][3]$4694.
    dead port 2/2 on $mux $memory\b_mem$rdmux[2][4][3]$4694.
    dead port 1/2 on $mux $memory\b_mem$rdmux[2][4][2]$4691.
    dead port 2/2 on $mux $memory\b_mem$rdmux[2][4][2]$4691.
    dead port 1/2 on $mux $memory\b_mem$rdmux[2][4][0]$4685.
    dead port 2/2 on $mux $memory\b_mem$rdmux[2][4][0]$4685.
    dead port 1/2 on $mux $memory\b_mem$rdmux[1][5][31]$4637.
    dead port 2/2 on $mux $memory\b_mem$rdmux[1][5][31]$4637.
    dead port 1/2 on $mux $memory\b_mem$rdmux[1][5][30]$4634.
    dead port 2/2 on $mux $memory\b_mem$rdmux[1][5][30]$4634.
    dead port 1/2 on $mux $memory\b_mem$rdmux[1][5][27]$4625.
    dead port 2/2 on $mux $memory\b_mem$rdmux[1][5][27]$4625.
    dead port 1/2 on $mux $memory\b_mem$rdmux[1][5][26]$4622.
    dead port 2/2 on $mux $memory\b_mem$rdmux[1][5][26]$4622.
    dead port 1/2 on $mux $memory\b_mem$rdmux[1][5][25]$4619.
    dead port 2/2 on $mux $memory\b_mem$rdmux[1][5][25]$4619.
    dead port 1/2 on $mux $memory\b_mem$rdmux[1][5][24]$4616.
    dead port 2/2 on $mux $memory\b_mem$rdmux[1][5][24]$4616.
    dead port 1/2 on $mux $memory\b_mem$rdmux[1][5][23]$4613.
    dead port 2/2 on $mux $memory\b_mem$rdmux[1][5][23]$4613.
    dead port 1/2 on $mux $memory\b_mem$rdmux[1][5][22]$4610.
    dead port 2/2 on $mux $memory\b_mem$rdmux[1][5][22]$4610.
    dead port 1/2 on $mux $memory\b_mem$rdmux[1][5][19]$4601.
    dead port 2/2 on $mux $memory\b_mem$rdmux[1][5][19]$4601.
    dead port 1/2 on $mux $memory\b_mem$rdmux[1][5][18]$4598.
    dead port 2/2 on $mux $memory\b_mem$rdmux[1][5][18]$4598.
    dead port 1/2 on $mux $memory\b_mem$rdmux[1][5][17]$4595.
    dead port 2/2 on $mux $memory\b_mem$rdmux[1][5][17]$4595.
    dead port 1/2 on $mux $memory\b_mem$rdmux[1][5][16]$4592.
    dead port 2/2 on $mux $memory\b_mem$rdmux[1][5][16]$4592.
    dead port 1/2 on $mux $memory\b_mem$rdmux[1][5][15]$4589.
    dead port 2/2 on $mux $memory\b_mem$rdmux[1][5][15]$4589.
    dead port 1/2 on $mux $memory\b_mem$rdmux[1][5][14]$4586.
    dead port 2/2 on $mux $memory\b_mem$rdmux[1][5][14]$4586.
    dead port 1/2 on $mux $memory\b_mem$rdmux[1][5][11]$4577.
    dead port 2/2 on $mux $memory\b_mem$rdmux[1][5][11]$4577.
    dead port 1/2 on $mux $memory\b_mem$rdmux[1][5][10]$4574.
    dead port 2/2 on $mux $memory\b_mem$rdmux[1][5][10]$4574.
    dead port 1/2 on $mux $memory\b_mem$rdmux[1][5][9]$4571.
    dead port 2/2 on $mux $memory\b_mem$rdmux[1][5][9]$4571.
    dead port 1/2 on $mux $memory\b_mem$rdmux[1][5][8]$4568.
    dead port 2/2 on $mux $memory\b_mem$rdmux[1][5][8]$4568.
    dead port 1/2 on $mux $memory\b_mem$rdmux[1][5][7]$4565.
    dead port 2/2 on $mux $memory\b_mem$rdmux[1][5][7]$4565.
    dead port 1/2 on $mux $memory\b_mem$rdmux[1][5][6]$4562.
    dead port 2/2 on $mux $memory\b_mem$rdmux[1][5][6]$4562.
    dead port 1/2 on $mux $memory\b_mem$rdmux[1][5][3]$4553.
    dead port 2/2 on $mux $memory\b_mem$rdmux[1][5][3]$4553.
    dead port 1/2 on $mux $memory\b_mem$rdmux[1][5][2]$4550.
    dead port 2/2 on $mux $memory\b_mem$rdmux[1][5][2]$4550.
    dead port 1/2 on $mux $memory\b_mem$rdmux[1][5][1]$4547.
    dead port 2/2 on $mux $memory\b_mem$rdmux[1][5][1]$4547.
    dead port 1/2 on $mux $memory\b_mem$rdmux[1][5][0]$4544.
    dead port 2/2 on $mux $memory\b_mem$rdmux[1][5][0]$4544.
    dead port 1/2 on $mux $memory\b_mem$rdmux[1][4][15]$4541.
    dead port 2/2 on $mux $memory\b_mem$rdmux[1][4][15]$4541.
    dead port 1/2 on $mux $memory\b_mem$rdmux[1][4][13]$4535.
    dead port 2/2 on $mux $memory\b_mem$rdmux[1][4][13]$4535.
    dead port 1/2 on $mux $memory\b_mem$rdmux[1][4][12]$4532.
    dead port 2/2 on $mux $memory\b_mem$rdmux[1][4][12]$4532.
    dead port 1/2 on $mux $memory\b_mem$rdmux[1][4][11]$4529.
    dead port 2/2 on $mux $memory\b_mem$rdmux[1][4][11]$4529.
    dead port 1/2 on $mux $memory\b_mem$rdmux[1][4][9]$4523.
    dead port 2/2 on $mux $memory\b_mem$rdmux[1][4][9]$4523.
    dead port 1/2 on $mux $memory\b_mem$rdmux[1][4][8]$4520.
    dead port 2/2 on $mux $memory\b_mem$rdmux[1][4][8]$4520.
    dead port 1/2 on $mux $memory\b_mem$rdmux[1][4][7]$4517.
    dead port 2/2 on $mux $memory\b_mem$rdmux[1][4][7]$4517.
    dead port 1/2 on $mux $memory\b_mem$rdmux[1][4][5]$4511.
    dead port 2/2 on $mux $memory\b_mem$rdmux[1][4][5]$4511.
    dead port 1/2 on $mux $memory\b_mem$rdmux[1][4][4]$4508.
    dead port 2/2 on $mux $memory\b_mem$rdmux[1][4][4]$4508.
    dead port 1/2 on $mux $memory\b_mem$rdmux[1][4][3]$4505.
    dead port 2/2 on $mux $memory\b_mem$rdmux[1][4][3]$4505.
    dead port 1/2 on $mux $memory\b_mem$rdmux[1][4][1]$4499.
    dead port 2/2 on $mux $memory\b_mem$rdmux[1][4][1]$4499.
    dead port 1/2 on $mux $memory\b_mem$rdmux[1][4][0]$4496.
    dead port 2/2 on $mux $memory\b_mem$rdmux[1][4][0]$4496.
    dead port 1/2 on $mux $memory\b_mem$rdmux[0][5][29]$4442.
    dead port 2/2 on $mux $memory\b_mem$rdmux[0][5][29]$4442.
    dead port 1/2 on $mux $memory\b_mem$rdmux[0][5][28]$4439.
    dead port 2/2 on $mux $memory\b_mem$rdmux[0][5][28]$4439.
    dead port 1/2 on $mux $memory\b_mem$rdmux[0][5][27]$4436.
    dead port 2/2 on $mux $memory\b_mem$rdmux[0][5][27]$4436.
    dead port 1/2 on $mux $memory\b_mem$rdmux[0][5][26]$4433.
    dead port 2/2 on $mux $memory\b_mem$rdmux[0][5][26]$4433.
    dead port 1/2 on $mux $memory\b_mem$rdmux[0][5][25]$4430.
    dead port 2/2 on $mux $memory\b_mem$rdmux[0][5][25]$4430.
    dead port 1/2 on $mux $memory\b_mem$rdmux[0][5][24]$4427.
    dead port 2/2 on $mux $memory\b_mem$rdmux[0][5][24]$4427.
    dead port 1/2 on $mux $memory\b_mem$rdmux[0][5][21]$4418.
    dead port 2/2 on $mux $memory\b_mem$rdmux[0][5][21]$4418.
    dead port 1/2 on $mux $memory\b_mem$rdmux[0][5][20]$4415.
    dead port 2/2 on $mux $memory\b_mem$rdmux[0][5][20]$4415.
    dead port 1/2 on $mux $memory\b_mem$rdmux[0][5][19]$4412.
    dead port 2/2 on $mux $memory\b_mem$rdmux[0][5][19]$4412.
    dead port 1/2 on $mux $memory\b_mem$rdmux[0][5][18]$4409.
    dead port 2/2 on $mux $memory\b_mem$rdmux[0][5][18]$4409.
    dead port 1/2 on $mux $memory\b_mem$rdmux[0][5][17]$4406.
    dead port 2/2 on $mux $memory\b_mem$rdmux[0][5][17]$4406.
    dead port 1/2 on $mux $memory\b_mem$rdmux[0][5][16]$4403.
    dead port 2/2 on $mux $memory\b_mem$rdmux[0][5][16]$4403.
    dead port 1/2 on $mux $memory\b_mem$rdmux[0][5][13]$4394.
    dead port 2/2 on $mux $memory\b_mem$rdmux[0][5][13]$4394.
    dead port 1/2 on $mux $memory\b_mem$rdmux[0][5][12]$4391.
    dead port 2/2 on $mux $memory\b_mem$rdmux[0][5][12]$4391.
    dead port 1/2 on $mux $memory\b_mem$rdmux[0][5][11]$4388.
    dead port 2/2 on $mux $memory\b_mem$rdmux[0][5][11]$4388.
    dead port 1/2 on $mux $memory\b_mem$rdmux[0][5][10]$4385.
    dead port 2/2 on $mux $memory\b_mem$rdmux[0][5][10]$4385.
    dead port 1/2 on $mux $memory\b_mem$rdmux[0][5][9]$4382.
    dead port 2/2 on $mux $memory\b_mem$rdmux[0][5][9]$4382.
    dead port 1/2 on $mux $memory\b_mem$rdmux[0][5][8]$4379.
    dead port 2/2 on $mux $memory\b_mem$rdmux[0][5][8]$4379.
    dead port 1/2 on $mux $memory\b_mem$rdmux[0][5][5]$4370.
    dead port 2/2 on $mux $memory\b_mem$rdmux[0][5][5]$4370.
    dead port 1/2 on $mux $memory\b_mem$rdmux[0][5][4]$4367.
    dead port 2/2 on $mux $memory\b_mem$rdmux[0][5][4]$4367.
    dead port 1/2 on $mux $memory\b_mem$rdmux[0][5][3]$4364.
    dead port 2/2 on $mux $memory\b_mem$rdmux[0][5][3]$4364.
    dead port 1/2 on $mux $memory\b_mem$rdmux[0][5][2]$4361.
    dead port 2/2 on $mux $memory\b_mem$rdmux[0][5][2]$4361.
    dead port 1/2 on $mux $memory\b_mem$rdmux[0][5][1]$4358.
    dead port 2/2 on $mux $memory\b_mem$rdmux[0][5][1]$4358.
    dead port 1/2 on $mux $memory\b_mem$rdmux[0][5][0]$4355.
    dead port 2/2 on $mux $memory\b_mem$rdmux[0][5][0]$4355.
    dead port 1/2 on $mux $memory\b_mem$rdmux[0][4][14]$4349.
    dead port 2/2 on $mux $memory\b_mem$rdmux[0][4][14]$4349.
    dead port 1/2 on $mux $memory\b_mem$rdmux[0][4][13]$4346.
    dead port 2/2 on $mux $memory\b_mem$rdmux[0][4][13]$4346.
    dead port 1/2 on $mux $memory\b_mem$rdmux[0][4][12]$4343.
    dead port 2/2 on $mux $memory\b_mem$rdmux[0][4][12]$4343.
    dead port 1/2 on $mux $memory\b_mem$rdmux[0][4][10]$4337.
    dead port 2/2 on $mux $memory\b_mem$rdmux[0][4][10]$4337.
    dead port 1/2 on $mux $memory\b_mem$rdmux[0][4][9]$4334.
    dead port 2/2 on $mux $memory\b_mem$rdmux[0][4][9]$4334.
    dead port 1/2 on $mux $memory\b_mem$rdmux[0][4][8]$4331.
    dead port 2/2 on $mux $memory\b_mem$rdmux[0][4][8]$4331.
    dead port 1/2 on $mux $memory\b_mem$rdmux[0][4][6]$4325.
    dead port 2/2 on $mux $memory\b_mem$rdmux[0][4][6]$4325.
    dead port 1/2 on $mux $memory\b_mem$rdmux[0][4][5]$4322.
    dead port 2/2 on $mux $memory\b_mem$rdmux[0][4][5]$4322.
    dead port 1/2 on $mux $memory\b_mem$rdmux[0][4][4]$4319.
    dead port 2/2 on $mux $memory\b_mem$rdmux[0][4][4]$4319.
    dead port 1/2 on $mux $memory\b_mem$rdmux[0][4][2]$4313.
    dead port 2/2 on $mux $memory\b_mem$rdmux[0][4][2]$4313.
    dead port 1/2 on $mux $memory\b_mem$rdmux[0][4][1]$4310.
    dead port 2/2 on $mux $memory\b_mem$rdmux[0][4][1]$4310.
    dead port 1/2 on $mux $memory\b_mem$rdmux[0][4][0]$4307.
    dead port 2/2 on $mux $memory\b_mem$rdmux[0][4][0]$4307.
    dead port 1/2 on $mux $memory\a_mem$rdmux[3][5][31]$2083.
    dead port 2/2 on $mux $memory\a_mem$rdmux[3][5][31]$2083.
    dead port 1/2 on $mux $memory\a_mem$rdmux[3][5][30]$2080.
    dead port 2/2 on $mux $memory\a_mem$rdmux[3][5][30]$2080.
    dead port 1/2 on $mux $memory\a_mem$rdmux[3][5][29]$2077.
    dead port 2/2 on $mux $memory\a_mem$rdmux[3][5][29]$2077.
    dead port 1/2 on $mux $memory\a_mem$rdmux[3][5][28]$2074.
    dead port 2/2 on $mux $memory\a_mem$rdmux[3][5][28]$2074.
    dead port 1/2 on $mux $memory\a_mem$rdmux[3][5][27]$2071.
    dead port 2/2 on $mux $memory\a_mem$rdmux[3][5][27]$2071.
    dead port 1/2 on $mux $memory\a_mem$rdmux[3][5][26]$2068.
    dead port 2/2 on $mux $memory\a_mem$rdmux[3][5][26]$2068.
    dead port 1/2 on $mux $memory\a_mem$rdmux[3][5][23]$2059.
    dead port 2/2 on $mux $memory\a_mem$rdmux[3][5][23]$2059.
    dead port 1/2 on $mux $memory\a_mem$rdmux[3][5][22]$2056.
    dead port 2/2 on $mux $memory\a_mem$rdmux[3][5][22]$2056.
    dead port 1/2 on $mux $memory\a_mem$rdmux[3][5][21]$2053.
    dead port 2/2 on $mux $memory\a_mem$rdmux[3][5][21]$2053.
    dead port 1/2 on $mux $memory\a_mem$rdmux[3][5][20]$2050.
    dead port 2/2 on $mux $memory\a_mem$rdmux[3][5][20]$2050.
    dead port 1/2 on $mux $memory\a_mem$rdmux[3][5][19]$2047.
    dead port 2/2 on $mux $memory\a_mem$rdmux[3][5][19]$2047.
    dead port 1/2 on $mux $memory\a_mem$rdmux[3][5][18]$2044.
    dead port 2/2 on $mux $memory\a_mem$rdmux[3][5][18]$2044.
    dead port 1/2 on $mux $memory\a_mem$rdmux[3][5][15]$2035.
    dead port 2/2 on $mux $memory\a_mem$rdmux[3][5][15]$2035.
    dead port 1/2 on $mux $memory\a_mem$rdmux[3][5][14]$2032.
    dead port 2/2 on $mux $memory\a_mem$rdmux[3][5][14]$2032.
    dead port 1/2 on $mux $memory\a_mem$rdmux[3][5][13]$2029.
    dead port 2/2 on $mux $memory\a_mem$rdmux[3][5][13]$2029.
    dead port 1/2 on $mux $memory\a_mem$rdmux[3][5][12]$2026.
    dead port 2/2 on $mux $memory\a_mem$rdmux[3][5][12]$2026.
    dead port 1/2 on $mux $memory\a_mem$rdmux[3][5][11]$2023.
    dead port 2/2 on $mux $memory\a_mem$rdmux[3][5][11]$2023.
    dead port 1/2 on $mux $memory\a_mem$rdmux[3][5][10]$2020.
    dead port 2/2 on $mux $memory\a_mem$rdmux[3][5][10]$2020.
    dead port 1/2 on $mux $memory\a_mem$rdmux[3][5][7]$2011.
    dead port 2/2 on $mux $memory\a_mem$rdmux[3][5][7]$2011.
    dead port 1/2 on $mux $memory\a_mem$rdmux[3][5][6]$2008.
    dead port 2/2 on $mux $memory\a_mem$rdmux[3][5][6]$2008.
    dead port 1/2 on $mux $memory\a_mem$rdmux[3][5][5]$2005.
    dead port 2/2 on $mux $memory\a_mem$rdmux[3][5][5]$2005.
    dead port 1/2 on $mux $memory\a_mem$rdmux[3][5][4]$2002.
    dead port 2/2 on $mux $memory\a_mem$rdmux[3][5][4]$2002.
    dead port 1/2 on $mux $memory\a_mem$rdmux[3][5][3]$1999.
    dead port 2/2 on $mux $memory\a_mem$rdmux[3][5][3]$1999.
    dead port 1/2 on $mux $memory\a_mem$rdmux[3][5][2]$1996.
    dead port 2/2 on $mux $memory\a_mem$rdmux[3][5][2]$1996.
    dead port 1/2 on $mux $memory\a_mem$rdmux[3][4][15]$1987.
    dead port 2/2 on $mux $memory\a_mem$rdmux[3][4][15]$1987.
    dead port 1/2 on $mux $memory\a_mem$rdmux[3][4][14]$1984.
    dead port 2/2 on $mux $memory\a_mem$rdmux[3][4][14]$1984.
    dead port 1/2 on $mux $memory\a_mem$rdmux[3][4][13]$1981.
    dead port 2/2 on $mux $memory\a_mem$rdmux[3][4][13]$1981.
    dead port 1/2 on $mux $memory\a_mem$rdmux[3][4][11]$1975.
    dead port 2/2 on $mux $memory\a_mem$rdmux[3][4][11]$1975.
    dead port 1/2 on $mux $memory\a_mem$rdmux[3][4][10]$1972.
    dead port 2/2 on $mux $memory\a_mem$rdmux[3][4][10]$1972.
    dead port 1/2 on $mux $memory\a_mem$rdmux[3][4][9]$1969.
    dead port 2/2 on $mux $memory\a_mem$rdmux[3][4][9]$1969.
    dead port 1/2 on $mux $memory\a_mem$rdmux[3][4][7]$1963.
    dead port 2/2 on $mux $memory\a_mem$rdmux[3][4][7]$1963.
    dead port 1/2 on $mux $memory\a_mem$rdmux[3][4][6]$1960.
    dead port 2/2 on $mux $memory\a_mem$rdmux[3][4][6]$1960.
    dead port 1/2 on $mux $memory\a_mem$rdmux[3][4][5]$1957.
    dead port 2/2 on $mux $memory\a_mem$rdmux[3][4][5]$1957.
    dead port 1/2 on $mux $memory\a_mem$rdmux[3][4][3]$1951.
    dead port 2/2 on $mux $memory\a_mem$rdmux[3][4][3]$1951.
    dead port 1/2 on $mux $memory\a_mem$rdmux[3][4][2]$1948.
    dead port 2/2 on $mux $memory\a_mem$rdmux[3][4][2]$1948.
    dead port 1/2 on $mux $memory\a_mem$rdmux[3][4][1]$1945.
    dead port 2/2 on $mux $memory\a_mem$rdmux[3][4][1]$1945.
    dead port 1/2 on $mux $memory\a_mem$rdmux[2][5][31]$1894.
    dead port 2/2 on $mux $memory\a_mem$rdmux[2][5][31]$1894.
    dead port 1/2 on $mux $memory\a_mem$rdmux[2][5][30]$1891.
    dead port 2/2 on $mux $memory\a_mem$rdmux[2][5][30]$1891.
    dead port 1/2 on $mux $memory\a_mem$rdmux[2][5][29]$1888.
    dead port 2/2 on $mux $memory\a_mem$rdmux[2][5][29]$1888.
    dead port 1/2 on $mux $memory\a_mem$rdmux[2][5][28]$1885.
    dead port 2/2 on $mux $memory\a_mem$rdmux[2][5][28]$1885.
    dead port 1/2 on $mux $memory\a_mem$rdmux[2][5][25]$1876.
    dead port 2/2 on $mux $memory\a_mem$rdmux[2][5][25]$1876.
    dead port 1/2 on $mux $memory\a_mem$rdmux[2][5][24]$1873.
    dead port 2/2 on $mux $memory\a_mem$rdmux[2][5][24]$1873.
    dead port 1/2 on $mux $memory\a_mem$rdmux[2][5][23]$1870.
    dead port 2/2 on $mux $memory\a_mem$rdmux[2][5][23]$1870.
    dead port 1/2 on $mux $memory\a_mem$rdmux[2][5][22]$1867.
    dead port 2/2 on $mux $memory\a_mem$rdmux[2][5][22]$1867.
    dead port 1/2 on $mux $memory\a_mem$rdmux[2][5][21]$1864.
    dead port 2/2 on $mux $memory\a_mem$rdmux[2][5][21]$1864.
    dead port 1/2 on $mux $memory\a_mem$rdmux[2][5][20]$1861.
    dead port 2/2 on $mux $memory\a_mem$rdmux[2][5][20]$1861.
    dead port 1/2 on $mux $memory\a_mem$rdmux[2][5][17]$1852.
    dead port 2/2 on $mux $memory\a_mem$rdmux[2][5][17]$1852.
    dead port 1/2 on $mux $memory\a_mem$rdmux[2][5][16]$1849.
    dead port 2/2 on $mux $memory\a_mem$rdmux[2][5][16]$1849.
    dead port 1/2 on $mux $memory\a_mem$rdmux[2][5][15]$1846.
    dead port 2/2 on $mux $memory\a_mem$rdmux[2][5][15]$1846.
    dead port 1/2 on $mux $memory\a_mem$rdmux[2][5][14]$1843.
    dead port 2/2 on $mux $memory\a_mem$rdmux[2][5][14]$1843.
    dead port 1/2 on $mux $memory\a_mem$rdmux[2][5][13]$1840.
    dead port 2/2 on $mux $memory\a_mem$rdmux[2][5][13]$1840.
    dead port 1/2 on $mux $memory\a_mem$rdmux[2][5][12]$1837.
    dead port 2/2 on $mux $memory\a_mem$rdmux[2][5][12]$1837.
    dead port 1/2 on $mux $memory\a_mem$rdmux[2][5][9]$1828.
    dead port 2/2 on $mux $memory\a_mem$rdmux[2][5][9]$1828.
    dead port 1/2 on $mux $memory\a_mem$rdmux[2][5][8]$1825.
    dead port 2/2 on $mux $memory\a_mem$rdmux[2][5][8]$1825.
    dead port 1/2 on $mux $memory\a_mem$rdmux[2][5][7]$1822.
    dead port 2/2 on $mux $memory\a_mem$rdmux[2][5][7]$1822.
    dead port 1/2 on $mux $memory\a_mem$rdmux[2][5][6]$1819.
    dead port 2/2 on $mux $memory\a_mem$rdmux[2][5][6]$1819.
    dead port 1/2 on $mux $memory\a_mem$rdmux[2][5][5]$1816.
    dead port 2/2 on $mux $memory\a_mem$rdmux[2][5][5]$1816.
    dead port 1/2 on $mux $memory\a_mem$rdmux[2][5][4]$1813.
    dead port 2/2 on $mux $memory\a_mem$rdmux[2][5][4]$1813.
    dead port 1/2 on $mux $memory\a_mem$rdmux[2][5][1]$1804.
    dead port 2/2 on $mux $memory\a_mem$rdmux[2][5][1]$1804.
    dead port 1/2 on $mux $memory\a_mem$rdmux[2][5][0]$1801.
    dead port 2/2 on $mux $memory\a_mem$rdmux[2][5][0]$1801.
    dead port 1/2 on $mux $memory\a_mem$rdmux[2][4][15]$1798.
    dead port 2/2 on $mux $memory\a_mem$rdmux[2][4][15]$1798.
    dead port 1/2 on $mux $memory\a_mem$rdmux[2][4][14]$1795.
    dead port 2/2 on $mux $memory\a_mem$rdmux[2][4][14]$1795.
    dead port 1/2 on $mux $memory\a_mem$rdmux[2][4][12]$1789.
    dead port 2/2 on $mux $memory\a_mem$rdmux[2][4][12]$1789.
    dead port 1/2 on $mux $memory\a_mem$rdmux[2][4][11]$1786.
    dead port 2/2 on $mux $memory\a_mem$rdmux[2][4][11]$1786.
    dead port 1/2 on $mux $memory\a_mem$rdmux[2][4][10]$1783.
    dead port 2/2 on $mux $memory\a_mem$rdmux[2][4][10]$1783.
    dead port 1/2 on $mux $memory\a_mem$rdmux[2][4][8]$1777.
    dead port 2/2 on $mux $memory\a_mem$rdmux[2][4][8]$1777.
    dead port 1/2 on $mux $memory\a_mem$rdmux[2][4][7]$1774.
    dead port 2/2 on $mux $memory\a_mem$rdmux[2][4][7]$1774.
    dead port 1/2 on $mux $memory\a_mem$rdmux[2][4][6]$1771.
    dead port 2/2 on $mux $memory\a_mem$rdmux[2][4][6]$1771.
    dead port 1/2 on $mux $memory\a_mem$rdmux[2][4][4]$1765.
    dead port 2/2 on $mux $memory\a_mem$rdmux[2][4][4]$1765.
    dead port 1/2 on $mux $memory\a_mem$rdmux[2][4][3]$1762.
    dead port 2/2 on $mux $memory\a_mem$rdmux[2][4][3]$1762.
    dead port 1/2 on $mux $memory\a_mem$rdmux[2][4][2]$1759.
    dead port 2/2 on $mux $memory\a_mem$rdmux[2][4][2]$1759.
    dead port 1/2 on $mux $memory\a_mem$rdmux[2][4][0]$1753.
    dead port 2/2 on $mux $memory\a_mem$rdmux[2][4][0]$1753.
    dead port 1/2 on $mux $memory\a_mem$rdmux[1][5][31]$1705.
    dead port 2/2 on $mux $memory\a_mem$rdmux[1][5][31]$1705.
    dead port 1/2 on $mux $memory\a_mem$rdmux[1][5][30]$1702.
    dead port 2/2 on $mux $memory\a_mem$rdmux[1][5][30]$1702.
    dead port 1/2 on $mux $memory\a_mem$rdmux[1][5][27]$1693.
    dead port 2/2 on $mux $memory\a_mem$rdmux[1][5][27]$1693.
    dead port 1/2 on $mux $memory\a_mem$rdmux[1][5][26]$1690.
    dead port 2/2 on $mux $memory\a_mem$rdmux[1][5][26]$1690.
    dead port 1/2 on $mux $memory\a_mem$rdmux[1][5][25]$1687.
    dead port 2/2 on $mux $memory\a_mem$rdmux[1][5][25]$1687.
    dead port 1/2 on $mux $memory\a_mem$rdmux[1][5][24]$1684.
    dead port 2/2 on $mux $memory\a_mem$rdmux[1][5][24]$1684.
    dead port 1/2 on $mux $memory\a_mem$rdmux[1][5][23]$1681.
    dead port 2/2 on $mux $memory\a_mem$rdmux[1][5][23]$1681.
    dead port 1/2 on $mux $memory\a_mem$rdmux[1][5][22]$1678.
    dead port 2/2 on $mux $memory\a_mem$rdmux[1][5][22]$1678.
    dead port 1/2 on $mux $memory\a_mem$rdmux[1][5][19]$1669.
    dead port 2/2 on $mux $memory\a_mem$rdmux[1][5][19]$1669.
    dead port 1/2 on $mux $memory\a_mem$rdmux[1][5][18]$1666.
    dead port 2/2 on $mux $memory\a_mem$rdmux[1][5][18]$1666.
    dead port 1/2 on $mux $memory\a_mem$rdmux[1][5][17]$1663.
    dead port 2/2 on $mux $memory\a_mem$rdmux[1][5][17]$1663.
    dead port 1/2 on $mux $memory\a_mem$rdmux[1][5][16]$1660.
    dead port 2/2 on $mux $memory\a_mem$rdmux[1][5][16]$1660.
    dead port 1/2 on $mux $memory\a_mem$rdmux[1][5][15]$1657.
    dead port 2/2 on $mux $memory\a_mem$rdmux[1][5][15]$1657.
    dead port 1/2 on $mux $memory\a_mem$rdmux[1][5][14]$1654.
    dead port 2/2 on $mux $memory\a_mem$rdmux[1][5][14]$1654.
    dead port 1/2 on $mux $memory\a_mem$rdmux[1][5][11]$1645.
    dead port 2/2 on $mux $memory\a_mem$rdmux[1][5][11]$1645.
    dead port 1/2 on $mux $memory\a_mem$rdmux[1][5][10]$1642.
    dead port 2/2 on $mux $memory\a_mem$rdmux[1][5][10]$1642.
    dead port 1/2 on $mux $memory\a_mem$rdmux[1][5][9]$1639.
    dead port 2/2 on $mux $memory\a_mem$rdmux[1][5][9]$1639.
    dead port 1/2 on $mux $memory\a_mem$rdmux[1][5][8]$1636.
    dead port 2/2 on $mux $memory\a_mem$rdmux[1][5][8]$1636.
    dead port 1/2 on $mux $memory\a_mem$rdmux[1][5][7]$1633.
    dead port 2/2 on $mux $memory\a_mem$rdmux[1][5][7]$1633.
    dead port 1/2 on $mux $memory\a_mem$rdmux[1][5][6]$1630.
    dead port 2/2 on $mux $memory\a_mem$rdmux[1][5][6]$1630.
    dead port 1/2 on $mux $memory\a_mem$rdmux[1][5][3]$1621.
    dead port 2/2 on $mux $memory\a_mem$rdmux[1][5][3]$1621.
    dead port 1/2 on $mux $memory\a_mem$rdmux[1][5][2]$1618.
    dead port 2/2 on $mux $memory\a_mem$rdmux[1][5][2]$1618.
    dead port 1/2 on $mux $memory\a_mem$rdmux[1][5][1]$1615.
    dead port 2/2 on $mux $memory\a_mem$rdmux[1][5][1]$1615.
    dead port 1/2 on $mux $memory\a_mem$rdmux[1][5][0]$1612.
    dead port 2/2 on $mux $memory\a_mem$rdmux[1][5][0]$1612.
    dead port 1/2 on $mux $memory\a_mem$rdmux[1][4][15]$1609.
    dead port 2/2 on $mux $memory\a_mem$rdmux[1][4][15]$1609.
    dead port 1/2 on $mux $memory\a_mem$rdmux[1][4][13]$1603.
    dead port 2/2 on $mux $memory\a_mem$rdmux[1][4][13]$1603.
    dead port 1/2 on $mux $memory\a_mem$rdmux[1][4][12]$1600.
    dead port 2/2 on $mux $memory\a_mem$rdmux[1][4][12]$1600.
    dead port 1/2 on $mux $memory\a_mem$rdmux[1][4][11]$1597.
    dead port 2/2 on $mux $memory\a_mem$rdmux[1][4][11]$1597.
    dead port 1/2 on $mux $memory\a_mem$rdmux[1][4][9]$1591.
    dead port 2/2 on $mux $memory\a_mem$rdmux[1][4][9]$1591.
    dead port 1/2 on $mux $memory\a_mem$rdmux[1][4][8]$1588.
    dead port 2/2 on $mux $memory\a_mem$rdmux[1][4][8]$1588.
    dead port 1/2 on $mux $memory\a_mem$rdmux[1][4][7]$1585.
    dead port 2/2 on $mux $memory\a_mem$rdmux[1][4][7]$1585.
    dead port 1/2 on $mux $memory\a_mem$rdmux[1][4][5]$1579.
    dead port 2/2 on $mux $memory\a_mem$rdmux[1][4][5]$1579.
    dead port 1/2 on $mux $memory\a_mem$rdmux[1][4][4]$1576.
    dead port 2/2 on $mux $memory\a_mem$rdmux[1][4][4]$1576.
    dead port 1/2 on $mux $memory\a_mem$rdmux[1][4][3]$1573.
    dead port 2/2 on $mux $memory\a_mem$rdmux[1][4][3]$1573.
    dead port 1/2 on $mux $memory\a_mem$rdmux[1][4][1]$1567.
    dead port 2/2 on $mux $memory\a_mem$rdmux[1][4][1]$1567.
    dead port 1/2 on $mux $memory\a_mem$rdmux[1][4][0]$1564.
    dead port 2/2 on $mux $memory\a_mem$rdmux[1][4][0]$1564.
    dead port 1/2 on $mux $memory\a_mem$rdmux[0][5][29]$1510.
    dead port 2/2 on $mux $memory\a_mem$rdmux[0][5][29]$1510.
    dead port 1/2 on $mux $memory\a_mem$rdmux[0][5][28]$1507.
    dead port 2/2 on $mux $memory\a_mem$rdmux[0][5][28]$1507.
    dead port 1/2 on $mux $memory\a_mem$rdmux[0][5][27]$1504.
    dead port 2/2 on $mux $memory\a_mem$rdmux[0][5][27]$1504.
    dead port 1/2 on $mux $memory\a_mem$rdmux[0][5][26]$1501.
    dead port 2/2 on $mux $memory\a_mem$rdmux[0][5][26]$1501.
    dead port 1/2 on $mux $memory\a_mem$rdmux[0][5][25]$1498.
    dead port 2/2 on $mux $memory\a_mem$rdmux[0][5][25]$1498.
    dead port 1/2 on $mux $memory\a_mem$rdmux[0][5][24]$1495.
    dead port 2/2 on $mux $memory\a_mem$rdmux[0][5][24]$1495.
    dead port 1/2 on $mux $memory\a_mem$rdmux[0][5][21]$1486.
    dead port 2/2 on $mux $memory\a_mem$rdmux[0][5][21]$1486.
    dead port 1/2 on $mux $memory\a_mem$rdmux[0][5][20]$1483.
    dead port 2/2 on $mux $memory\a_mem$rdmux[0][5][20]$1483.
    dead port 1/2 on $mux $memory\a_mem$rdmux[0][5][19]$1480.
    dead port 2/2 on $mux $memory\a_mem$rdmux[0][5][19]$1480.
    dead port 1/2 on $mux $memory\a_mem$rdmux[0][5][18]$1477.
    dead port 2/2 on $mux $memory\a_mem$rdmux[0][5][18]$1477.
    dead port 1/2 on $mux $memory\a_mem$rdmux[0][5][17]$1474.
    dead port 2/2 on $mux $memory\a_mem$rdmux[0][5][17]$1474.
    dead port 1/2 on $mux $memory\a_mem$rdmux[0][5][16]$1471.
    dead port 2/2 on $mux $memory\a_mem$rdmux[0][5][16]$1471.
    dead port 1/2 on $mux $memory\a_mem$rdmux[0][5][13]$1462.
    dead port 2/2 on $mux $memory\a_mem$rdmux[0][5][13]$1462.
    dead port 1/2 on $mux $memory\a_mem$rdmux[0][5][12]$1459.
    dead port 2/2 on $mux $memory\a_mem$rdmux[0][5][12]$1459.
    dead port 1/2 on $mux $memory\a_mem$rdmux[0][5][11]$1456.
    dead port 2/2 on $mux $memory\a_mem$rdmux[0][5][11]$1456.
    dead port 1/2 on $mux $memory\a_mem$rdmux[0][5][10]$1453.
    dead port 2/2 on $mux $memory\a_mem$rdmux[0][5][10]$1453.
    dead port 1/2 on $mux $memory\a_mem$rdmux[0][5][9]$1450.
    dead port 2/2 on $mux $memory\a_mem$rdmux[0][5][9]$1450.
    dead port 1/2 on $mux $memory\a_mem$rdmux[0][5][8]$1447.
    dead port 2/2 on $mux $memory\a_mem$rdmux[0][5][8]$1447.
    dead port 1/2 on $mux $memory\a_mem$rdmux[0][5][5]$1438.
    dead port 2/2 on $mux $memory\a_mem$rdmux[0][5][5]$1438.
    dead port 1/2 on $mux $memory\a_mem$rdmux[0][5][4]$1435.
    dead port 2/2 on $mux $memory\a_mem$rdmux[0][5][4]$1435.
    dead port 1/2 on $mux $memory\a_mem$rdmux[0][5][3]$1432.
    dead port 2/2 on $mux $memory\a_mem$rdmux[0][5][3]$1432.
    dead port 1/2 on $mux $memory\a_mem$rdmux[0][5][2]$1429.
    dead port 2/2 on $mux $memory\a_mem$rdmux[0][5][2]$1429.
    dead port 1/2 on $mux $memory\a_mem$rdmux[0][5][1]$1426.
    dead port 2/2 on $mux $memory\a_mem$rdmux[0][5][1]$1426.
    dead port 1/2 on $mux $memory\a_mem$rdmux[0][5][0]$1423.
    dead port 2/2 on $mux $memory\a_mem$rdmux[0][5][0]$1423.
    dead port 1/2 on $mux $memory\a_mem$rdmux[0][4][14]$1417.
    dead port 2/2 on $mux $memory\a_mem$rdmux[0][4][14]$1417.
    dead port 1/2 on $mux $memory\a_mem$rdmux[0][4][13]$1414.
    dead port 2/2 on $mux $memory\a_mem$rdmux[0][4][13]$1414.
    dead port 1/2 on $mux $memory\a_mem$rdmux[0][4][12]$1411.
    dead port 2/2 on $mux $memory\a_mem$rdmux[0][4][12]$1411.
    dead port 1/2 on $mux $memory\a_mem$rdmux[0][4][10]$1405.
    dead port 2/2 on $mux $memory\a_mem$rdmux[0][4][10]$1405.
    dead port 1/2 on $mux $memory\a_mem$rdmux[0][4][9]$1402.
    dead port 2/2 on $mux $memory\a_mem$rdmux[0][4][9]$1402.
    dead port 1/2 on $mux $memory\a_mem$rdmux[0][4][8]$1399.
    dead port 2/2 on $mux $memory\a_mem$rdmux[0][4][8]$1399.
    dead port 1/2 on $mux $memory\a_mem$rdmux[0][4][6]$1393.
    dead port 2/2 on $mux $memory\a_mem$rdmux[0][4][6]$1393.
    dead port 1/2 on $mux $memory\a_mem$rdmux[0][4][5]$1390.
    dead port 2/2 on $mux $memory\a_mem$rdmux[0][4][5]$1390.
    dead port 1/2 on $mux $memory\a_mem$rdmux[0][4][4]$1387.
    dead port 2/2 on $mux $memory\a_mem$rdmux[0][4][4]$1387.
    dead port 1/2 on $mux $memory\a_mem$rdmux[0][4][2]$1381.
    dead port 2/2 on $mux $memory\a_mem$rdmux[0][4][2]$1381.
    dead port 1/2 on $mux $memory\a_mem$rdmux[0][4][1]$1378.
    dead port 2/2 on $mux $memory\a_mem$rdmux[0][4][1]$1378.
    dead port 1/2 on $mux $memory\a_mem$rdmux[0][4][0]$1375.
    dead port 2/2 on $mux $memory\a_mem$rdmux[0][4][0]$1375.
Running muxtree optimizer on module \tile_controller..
  Creating internal representation of mux trees.
  Evaluating internal representation of mux trees.
  Analyzing evaluation results.
Removed 576 multiplexer ports.
<suppressed ~803 debug messages>

12.4. Executing OPT_REDUCE pass (consolidate $*mux and $reduce_* inputs).
  Optimizing cells in module $paramod$8392c0aee371eac30cfcd917af9a6c37ac869d3e\mac.
  Optimizing cells in module $paramod$8392c0aee371eac30cfcd917af9a6c37ac869d3e\pe.
  Optimizing cells in module $paramod$8392c0aee371eac30cfcd917af9a6c37ac869d3e\pe_array_4x4.
  Optimizing cells in module \matmul_16x16.
  Optimizing cells in module \tile_controller.
Performed a total of 0 changes.

12.5. Executing OPT_MERGE pass (detect identical cells).
Finding identical cells in module `$paramod$8392c0aee371eac30cfcd917af9a6c37ac869d3e\mac'.
Finding identical cells in module `$paramod$8392c0aee371eac30cfcd917af9a6c37ac869d3e\pe'.
Finding identical cells in module `$paramod$8392c0aee371eac30cfcd917af9a6c37ac869d3e\pe_array_4x4'.
Finding identical cells in module `\matmul_16x16'.
Finding identical cells in module `\tile_controller'.
Removed a total of 0 cells.

12.6. Executing OPT_DFF pass (perform DFF optimizations).

12.7. Executing OPT_CLEAN pass (remove unused cells and wires).
Finding unused cells or wires in module $paramod$8392c0aee371eac30cfcd917af9a6c37ac869d3e\mac..
Finding unused cells or wires in module $paramod$8392c0aee371eac30cfcd917af9a6c37ac869d3e\pe..
Finding unused cells or wires in module $paramod$8392c0aee371eac30cfcd917af9a6c37ac869d3e\pe_array_4x4..
Finding unused cells or wires in module \matmul_16x16..
Finding unused cells or wires in module \tile_controller..
Removed 1 unused cells and 1945 unused wires.
<suppressed ~2 debug messages>

12.8. Executing OPT_EXPR pass (perform const folding).
Optimizing module $paramod$8392c0aee371eac30cfcd917af9a6c37ac869d3e\mac.
Optimizing module $paramod$8392c0aee371eac30cfcd917af9a6c37ac869d3e\pe.
Optimizing module $paramod$8392c0aee371eac30cfcd917af9a6c37ac869d3e\pe_array_4x4.
Optimizing module matmul_16x16.
Optimizing module tile_controller.

12.9. Rerunning OPT passes. (Maybe there is more to do..)

12.10. Executing OPT_MUXTREE pass (detect dead branches in mux trees).
Running muxtree optimizer on module $paramod$8392c0aee371eac30cfcd917af9a6c37ac869d3e\mac..
  Creating internal representation of mux trees.
  Evaluating internal representation of mux trees.
  Analyzing evaluation results.
Running muxtree optimizer on module $paramod$8392c0aee371eac30cfcd917af9a6c37ac869d3e\pe..
  Creating internal representation of mux trees.
  No muxes found in this module.
Running muxtree optimizer on module $paramod$8392c0aee371eac30cfcd917af9a6c37ac869d3e\pe_array_4x4..
  Creating internal representation of mux trees.
  No muxes found in this module.
Running muxtree optimizer on module \matmul_16x16..
  Creating internal representation of mux trees.
  Evaluating internal representation of mux trees.
  Analyzing evaluation results.
Running muxtree optimizer on module \tile_controller..
  Creating internal representation of mux trees.
  Evaluating internal representation of mux trees.
  Analyzing evaluation results.
Removed 0 multiplexer ports.
<suppressed ~803 debug messages>

12.11. Executing OPT_REDUCE pass (consolidate $*mux and $reduce_* inputs).
  Optimizing cells in module $paramod$8392c0aee371eac30cfcd917af9a6c37ac869d3e\mac.
  Optimizing cells in module $paramod$8392c0aee371eac30cfcd917af9a6c37ac869d3e\pe.
  Optimizing cells in module $paramod$8392c0aee371eac30cfcd917af9a6c37ac869d3e\pe_array_4x4.
  Optimizing cells in module \matmul_16x16.
  Optimizing cells in module \tile_controller.
Performed a total of 0 changes.

12.12. Executing OPT_MERGE pass (detect identical cells).
Finding identical cells in module `$paramod$8392c0aee371eac30cfcd917af9a6c37ac869d3e\mac'.
Finding identical cells in module `$paramod$8392c0aee371eac30cfcd917af9a6c37ac869d3e\pe'.
Finding identical cells in module `$paramod$8392c0aee371eac30cfcd917af9a6c37ac869d3e\pe_array_4x4'.
Finding identical cells in module `\matmul_16x16'.
Finding identical cells in module `\tile_controller'.
Removed a total of 0 cells.

12.13. Executing OPT_DFF pass (perform DFF optimizations).
Adding EN signal on $memory\c_mem[9]$6700 ($dff) from module matmul_16x16 (D = $0$memwr$\c_mem$rtl/matmul_16x16.sv:183$57_DATA[31:0]$83, Q = \c_mem[9]).
Adding EN signal on $memory\c_mem[99]$6880 ($dff) from module matmul_16x16 (D = $0$memwr$\c_mem$rtl/matmul_16x16.sv:183$57_DATA[31:0]$83, Q = \c_mem[99]).
Adding EN signal on $memory\c_mem[98]$6878 ($dff) from module matmul_16x16 (D = $0$memwr$\c_mem$rtl/matmul_16x16.sv:183$57_DATA[31:0]$83, Q = \c_mem[98]).
Adding EN signal on $memory\c_mem[97]$6876 ($dff) from module matmul_16x16 (D = $0$memwr$\c_mem$rtl/matmul_16x16.sv:183$57_DATA[31:0]$83, Q = \c_mem[97]).
Adding EN signal on $memory\c_mem[96]$6874 ($dff) from module matmul_16x16 (D = $0$memwr$\c_mem$rtl/matmul_16x16.sv:183$57_DATA[31:0]$83, Q = \c_mem[96]).
Adding EN signal on $memory\c_mem[95]$6872 ($dff) from module matmul_16x16 (D = $0$memwr$\c_mem$rtl/matmul_16x16.sv:183$57_DATA[31:0]$83, Q = \c_mem[95]).
Adding EN signal on $memory\c_mem[94]$6870 ($dff) from module matmul_16x16 (D = $0$memwr$\c_mem$rtl/matmul_16x16.sv:183$57_DATA[31:0]$83, Q = \c_mem[94]).
Adding EN signal on $memory\c_mem[93]$6868 ($dff) from module matmul_16x16 (D = $0$memwr$\c_mem$rtl/matmul_16x16.sv:183$57_DATA[31:0]$83, Q = \c_mem[93]).
Adding EN signal on $memory\c_mem[92]$6866 ($dff) from module matmul_16x16 (D = $0$memwr$\c_mem$rtl/matmul_16x16.sv:183$57_DATA[31:0]$83, Q = \c_mem[92]).
Adding EN signal on $memory\c_mem[91]$6864 ($dff) from module matmul_16x16 (D = $0$memwr$\c_mem$rtl/matmul_16x16.sv:183$57_DATA[31:0]$83, Q = \c_mem[91]).
Adding EN signal on $memory\c_mem[90]$6862 ($dff) from module matmul_16x16 (D = $0$memwr$\c_mem$rtl/matmul_16x16.sv:183$57_DATA[31:0]$83, Q = \c_mem[90]).
Adding EN signal on $memory\c_mem[8]$6698 ($dff) from module matmul_16x16 (D = $0$memwr$\c_mem$rtl/matmul_16x16.sv:183$57_DATA[31:0]$83, Q = \c_mem[8]).
Adding EN signal on $memory\c_mem[89]$6860 ($dff) from module matmul_16x16 (D = $0$memwr$\c_mem$rtl/matmul_16x16.sv:183$57_DATA[31:0]$83, Q = \c_mem[89]).
Adding EN signal on $memory\c_mem[88]$6858 ($dff) from module matmul_16x16 (D = $0$memwr$\c_mem$rtl/matmul_16x16.sv:183$57_DATA[31:0]$83, Q = \c_mem[88]).
Adding EN signal on $memory\c_mem[87]$6856 ($dff) from module matmul_16x16 (D = $0$memwr$\c_mem$rtl/matmul_16x16.sv:183$57_DATA[31:0]$83, Q = \c_mem[87]).
Adding EN signal on $memory\c_mem[86]$6854 ($dff) from module matmul_16x16 (D = $0$memwr$\c_mem$rtl/matmul_16x16.sv:183$57_DATA[31:0]$83, Q = \c_mem[86]).
Adding EN signal on $memory\c_mem[85]$6852 ($dff) from module matmul_16x16 (D = $0$memwr$\c_mem$rtl/matmul_16x16.sv:183$57_DATA[31:0]$83, Q = \c_mem[85]).
Adding EN signal on $memory\c_mem[84]$6850 ($dff) from module matmul_16x16 (D = $0$memwr$\c_mem$rtl/matmul_16x16.sv:183$57_DATA[31:0]$83, Q = \c_mem[84]).
Adding EN signal on $memory\c_mem[83]$6848 ($dff) from module matmul_16x16 (D = $0$memwr$\c_mem$rtl/matmul_16x16.sv:183$57_DATA[31:0]$83, Q = \c_mem[83]).
Adding EN signal on $memory\c_mem[82]$6846 ($dff) from module matmul_16x16 (D = $0$memwr$\c_mem$rtl/matmul_16x16.sv:183$57_DATA[31:0]$83, Q = \c_mem[82]).
Adding EN signal on $memory\c_mem[81]$6844 ($dff) from module matmul_16x16 (D = $0$memwr$\c_mem$rtl/matmul_16x16.sv:183$57_DATA[31:0]$83, Q = \c_mem[81]).
Adding EN signal on $memory\c_mem[80]$6842 ($dff) from module matmul_16x16 (D = $0$memwr$\c_mem$rtl/matmul_16x16.sv:183$57_DATA[31:0]$83, Q = \c_mem[80]).
Adding EN signal on $memory\c_mem[7]$6696 ($dff) from module matmul_16x16 (D = $0$memwr$\c_mem$rtl/matmul_16x16.sv:183$57_DATA[31:0]$83, Q = \c_mem[7]).
Adding EN signal on $memory\c_mem[79]$6840 ($dff) from module matmul_16x16 (D = $0$memwr$\c_mem$rtl/matmul_16x16.sv:183$57_DATA[31:0]$83, Q = \c_mem[79]).
Adding EN signal on $memory\c_mem[78]$6838 ($dff) from module matmul_16x16 (D = $0$memwr$\c_mem$rtl/matmul_16x16.sv:183$57_DATA[31:0]$83, Q = \c_mem[78]).
Adding EN signal on $memory\c_mem[77]$6836 ($dff) from module matmul_16x16 (D = $0$memwr$\c_mem$rtl/matmul_16x16.sv:183$57_DATA[31:0]$83, Q = \c_mem[77]).
Adding EN signal on $memory\c_mem[76]$6834 ($dff) from module matmul_16x16 (D = $0$memwr$\c_mem$rtl/matmul_16x16.sv:183$57_DATA[31:0]$83, Q = \c_mem[76]).
Adding EN signal on $memory\c_mem[75]$6832 ($dff) from module matmul_16x16 (D = $0$memwr$\c_mem$rtl/matmul_16x16.sv:183$57_DATA[31:0]$83, Q = \c_mem[75]).
Adding EN signal on $memory\c_mem[74]$6830 ($dff) from module matmul_16x16 (D = $0$memwr$\c_mem$rtl/matmul_16x16.sv:183$57_DATA[31:0]$83, Q = \c_mem[74]).
Adding EN signal on $memory\c_mem[73]$6828 ($dff) from module matmul_16x16 (D = $0$memwr$\c_mem$rtl/matmul_16x16.sv:183$57_DATA[31:0]$83, Q = \c_mem[73]).
Adding EN signal on $memory\c_mem[72]$6826 ($dff) from module matmul_16x16 (D = $0$memwr$\c_mem$rtl/matmul_16x16.sv:183$57_DATA[31:0]$83, Q = \c_mem[72]).
Adding EN signal on $memory\c_mem[71]$6824 ($dff) from module matmul_16x16 (D = $0$memwr$\c_mem$rtl/matmul_16x16.sv:183$57_DATA[31:0]$83, Q = \c_mem[71]).
Adding EN signal on $memory\c_mem[70]$6822 ($dff) from module matmul_16x16 (D = $0$memwr$\c_mem$rtl/matmul_16x16.sv:183$57_DATA[31:0]$83, Q = \c_mem[70]).
Adding EN signal on $memory\c_mem[6]$6694 ($dff) from module matmul_16x16 (D = $0$memwr$\c_mem$rtl/matmul_16x16.sv:183$57_DATA[31:0]$83, Q = \c_mem[6]).
Adding EN signal on $memory\c_mem[69]$6820 ($dff) from module matmul_16x16 (D = $0$memwr$\c_mem$rtl/matmul_16x16.sv:183$57_DATA[31:0]$83, Q = \c_mem[69]).
Adding EN signal on $memory\c_mem[68]$6818 ($dff) from module matmul_16x16 (D = $0$memwr$\c_mem$rtl/matmul_16x16.sv:183$57_DATA[31:0]$83, Q = \c_mem[68]).
Adding EN signal on $memory\c_mem[67]$6816 ($dff) from module matmul_16x16 (D = $0$memwr$\c_mem$rtl/matmul_16x16.sv:183$57_DATA[31:0]$83, Q = \c_mem[67]).
Adding EN signal on $memory\c_mem[66]$6814 ($dff) from module matmul_16x16 (D = $0$memwr$\c_mem$rtl/matmul_16x16.sv:183$57_DATA[31:0]$83, Q = \c_mem[66]).
Adding EN signal on $memory\c_mem[65]$6812 ($dff) from module matmul_16x16 (D = $0$memwr$\c_mem$rtl/matmul_16x16.sv:183$57_DATA[31:0]$83, Q = \c_mem[65]).
Adding EN signal on $memory\c_mem[64]$6810 ($dff) from module matmul_16x16 (D = $0$memwr$\c_mem$rtl/matmul_16x16.sv:183$57_DATA[31:0]$83, Q = \c_mem[64]).
Adding EN signal on $memory\c_mem[63]$6808 ($dff) from module matmul_16x16 (D = $0$memwr$\c_mem$rtl/matmul_16x16.sv:183$57_DATA[31:0]$83, Q = \c_mem[63]).
Adding EN signal on $memory\c_mem[62]$6806 ($dff) from module matmul_16x16 (D = $0$memwr$\c_mem$rtl/matmul_16x16.sv:183$57_DATA[31:0]$83, Q = \c_mem[62]).
Adding EN signal on $memory\c_mem[61]$6804 ($dff) from module matmul_16x16 (D = $0$memwr$\c_mem$rtl/matmul_16x16.sv:183$57_DATA[31:0]$83, Q = \c_mem[61]).
Adding EN signal on $memory\c_mem[60]$6802 ($dff) from module matmul_16x16 (D = $0$memwr$\c_mem$rtl/matmul_16x16.sv:183$57_DATA[31:0]$83, Q = \c_mem[60]).
Adding EN signal on $memory\c_mem[5]$6692 ($dff) from module matmul_16x16 (D = $0$memwr$\c_mem$rtl/matmul_16x16.sv:183$57_DATA[31:0]$83, Q = \c_mem[5]).
Adding EN signal on $memory\c_mem[59]$6800 ($dff) from module matmul_16x16 (D = $0$memwr$\c_mem$rtl/matmul_16x16.sv:183$57_DATA[31:0]$83, Q = \c_mem[59]).
Adding EN signal on $memory\c_mem[58]$6798 ($dff) from module matmul_16x16 (D = $0$memwr$\c_mem$rtl/matmul_16x16.sv:183$57_DATA[31:0]$83, Q = \c_mem[58]).
Adding EN signal on $memory\c_mem[57]$6796 ($dff) from module matmul_16x16 (D = $0$memwr$\c_mem$rtl/matmul_16x16.sv:183$57_DATA[31:0]$83, Q = \c_mem[57]).
Adding EN signal on $memory\c_mem[56]$6794 ($dff) from module matmul_16x16 (D = $0$memwr$\c_mem$rtl/matmul_16x16.sv:183$57_DATA[31:0]$83, Q = \c_mem[56]).
Adding EN signal on $memory\c_mem[55]$6792 ($dff) from module matmul_16x16 (D = $0$memwr$\c_mem$rtl/matmul_16x16.sv:183$57_DATA[31:0]$83, Q = \c_mem[55]).
Adding EN signal on $memory\c_mem[54]$6790 ($dff) from module matmul_16x16 (D = $0$memwr$\c_mem$rtl/matmul_16x16.sv:183$57_DATA[31:0]$83, Q = \c_mem[54]).
Adding EN signal on $memory\c_mem[53]$6788 ($dff) from module matmul_16x16 (D = $0$memwr$\c_mem$rtl/matmul_16x16.sv:183$57_DATA[31:0]$83, Q = \c_mem[53]).
Adding EN signal on $memory\c_mem[52]$6786 ($dff) from module matmul_16x16 (D = $0$memwr$\c_mem$rtl/matmul_16x16.sv:183$57_DATA[31:0]$83, Q = \c_mem[52]).
Adding EN signal on $memory\c_mem[51]$6784 ($dff) from module matmul_16x16 (D = $0$memwr$\c_mem$rtl/matmul_16x16.sv:183$57_DATA[31:0]$83, Q = \c_mem[51]).
Adding EN signal on $memory\c_mem[50]$6782 ($dff) from module matmul_16x16 (D = $0$memwr$\c_mem$rtl/matmul_16x16.sv:183$57_DATA[31:0]$83, Q = \c_mem[50]).
Adding EN signal on $memory\c_mem[4]$6690 ($dff) from module matmul_16x16 (D = $0$memwr$\c_mem$rtl/matmul_16x16.sv:183$57_DATA[31:0]$83, Q = \c_mem[4]).
Adding EN signal on $memory\c_mem[49]$6780 ($dff) from module matmul_16x16 (D = $0$memwr$\c_mem$rtl/matmul_16x16.sv:183$57_DATA[31:0]$83, Q = \c_mem[49]).
Adding EN signal on $memory\c_mem[48]$6778 ($dff) from module matmul_16x16 (D = $0$memwr$\c_mem$rtl/matmul_16x16.sv:183$57_DATA[31:0]$83, Q = \c_mem[48]).
Adding EN signal on $memory\c_mem[47]$6776 ($dff) from module matmul_16x16 (D = $0$memwr$\c_mem$rtl/matmul_16x16.sv:183$57_DATA[31:0]$83, Q = \c_mem[47]).
Adding EN signal on $memory\c_mem[46]$6774 ($dff) from module matmul_16x16 (D = $0$memwr$\c_mem$rtl/matmul_16x16.sv:183$57_DATA[31:0]$83, Q = \c_mem[46]).
Adding EN signal on $memory\c_mem[45]$6772 ($dff) from module matmul_16x16 (D = $0$memwr$\c_mem$rtl/matmul_16x16.sv:183$57_DATA[31:0]$83, Q = \c_mem[45]).
Adding EN signal on $memory\c_mem[44]$6770 ($dff) from module matmul_16x16 (D = $0$memwr$\c_mem$rtl/matmul_16x16.sv:183$57_DATA[31:0]$83, Q = \c_mem[44]).
Adding EN signal on $memory\c_mem[43]$6768 ($dff) from module matmul_16x16 (D = $0$memwr$\c_mem$rtl/matmul_16x16.sv:183$57_DATA[31:0]$83, Q = \c_mem[43]).
Adding EN signal on $memory\c_mem[42]$6766 ($dff) from module matmul_16x16 (D = $0$memwr$\c_mem$rtl/matmul_16x16.sv:183$57_DATA[31:0]$83, Q = \c_mem[42]).
Adding EN signal on $memory\c_mem[41]$6764 ($dff) from module matmul_16x16 (D = $0$memwr$\c_mem$rtl/matmul_16x16.sv:183$57_DATA[31:0]$83, Q = \c_mem[41]).
Adding EN signal on $memory\c_mem[40]$6762 ($dff) from module matmul_16x16 (D = $0$memwr$\c_mem$rtl/matmul_16x16.sv:183$57_DATA[31:0]$83, Q = \c_mem[40]).
Adding EN signal on $memory\c_mem[3]$6688 ($dff) from module matmul_16x16 (D = $0$memwr$\c_mem$rtl/matmul_16x16.sv:183$57_DATA[31:0]$83, Q = \c_mem[3]).
Adding EN signal on $memory\c_mem[39]$6760 ($dff) from module matmul_16x16 (D = $0$memwr$\c_mem$rtl/matmul_16x16.sv:183$57_DATA[31:0]$83, Q = \c_mem[39]).
Adding EN signal on $memory\c_mem[38]$6758 ($dff) from module matmul_16x16 (D = $0$memwr$\c_mem$rtl/matmul_16x16.sv:183$57_DATA[31:0]$83, Q = \c_mem[38]).
Adding EN signal on $memory\c_mem[37]$6756 ($dff) from module matmul_16x16 (D = $0$memwr$\c_mem$rtl/matmul_16x16.sv:183$57_DATA[31:0]$83, Q = \c_mem[37]).
Adding EN signal on $memory\c_mem[36]$6754 ($dff) from module matmul_16x16 (D = $0$memwr$\c_mem$rtl/matmul_16x16.sv:183$57_DATA[31:0]$83, Q = \c_mem[36]).
Adding EN signal on $memory\c_mem[35]$6752 ($dff) from module matmul_16x16 (D = $0$memwr$\c_mem$rtl/matmul_16x16.sv:183$57_DATA[31:0]$83, Q = \c_mem[35]).
Adding EN signal on $memory\c_mem[34]$6750 ($dff) from module matmul_16x16 (D = $0$memwr$\c_mem$rtl/matmul_16x16.sv:183$57_DATA[31:0]$83, Q = \c_mem[34]).
Adding EN signal on $memory\c_mem[33]$6748 ($dff) from module matmul_16x16 (D = $0$memwr$\c_mem$rtl/matmul_16x16.sv:183$57_DATA[31:0]$83, Q = \c_mem[33]).
Adding EN signal on $memory\c_mem[32]$6746 ($dff) from module matmul_16x16 (D = $0$memwr$\c_mem$rtl/matmul_16x16.sv:183$57_DATA[31:0]$83, Q = \c_mem[32]).
Adding EN signal on $memory\c_mem[31]$6744 ($dff) from module matmul_16x16 (D = $0$memwr$\c_mem$rtl/matmul_16x16.sv:183$57_DATA[31:0]$83, Q = \c_mem[31]).
Adding EN signal on $memory\c_mem[30]$6742 ($dff) from module matmul_16x16 (D = $0$memwr$\c_mem$rtl/matmul_16x16.sv:183$57_DATA[31:0]$83, Q = \c_mem[30]).
Adding EN signal on $memory\c_mem[2]$6686 ($dff) from module matmul_16x16 (D = $0$memwr$\c_mem$rtl/matmul_16x16.sv:183$57_DATA[31:0]$83, Q = \c_mem[2]).
Adding EN signal on $memory\c_mem[29]$6740 ($dff) from module matmul_16x16 (D = $0$memwr$\c_mem$rtl/matmul_16x16.sv:183$57_DATA[31:0]$83, Q = \c_mem[29]).
Adding EN signal on $memory\c_mem[28]$6738 ($dff) from module matmul_16x16 (D = $0$memwr$\c_mem$rtl/matmul_16x16.sv:183$57_DATA[31:0]$83, Q = \c_mem[28]).
Adding EN signal on $memory\c_mem[27]$6736 ($dff) from module matmul_16x16 (D = $0$memwr$\c_mem$rtl/matmul_16x16.sv:183$57_DATA[31:0]$83, Q = \c_mem[27]).
Adding EN signal on $memory\c_mem[26]$6734 ($dff) from module matmul_16x16 (D = $0$memwr$\c_mem$rtl/matmul_16x16.sv:183$57_DATA[31:0]$83, Q = \c_mem[26]).
Adding EN signal on $memory\c_mem[25]$6732 ($dff) from module matmul_16x16 (D = $0$memwr$\c_mem$rtl/matmul_16x16.sv:183$57_DATA[31:0]$83, Q = \c_mem[25]).
Adding EN signal on $memory\c_mem[255]$7192 ($dff) from module matmul_16x16 (D = $0$memwr$\c_mem$rtl/matmul_16x16.sv:183$57_DATA[31:0]$83, Q = \c_mem[255]).
Adding EN signal on $memory\c_mem[254]$7190 ($dff) from module matmul_16x16 (D = $0$memwr$\c_mem$rtl/matmul_16x16.sv:183$57_DATA[31:0]$83, Q = \c_mem[254]).
Adding EN signal on $memory\c_mem[253]$7188 ($dff) from module matmul_16x16 (D = $0$memwr$\c_mem$rtl/matmul_16x16.sv:183$57_DATA[31:0]$83, Q = \c_mem[253]).
Adding EN signal on $memory\c_mem[252]$7186 ($dff) from module matmul_16x16 (D = $0$memwr$\c_mem$rtl/matmul_16x16.sv:183$57_DATA[31:0]$83, Q = \c_mem[252]).
Adding EN signal on $memory\c_mem[251]$7184 ($dff) from module matmul_16x16 (D = $0$memwr$\c_mem$rtl/matmul_16x16.sv:183$57_DATA[31:0]$83, Q = \c_mem[251]).
Adding EN signal on $memory\c_mem[250]$7182 ($dff) from module matmul_16x16 (D = $0$memwr$\c_mem$rtl/matmul_16x16.sv:183$57_DATA[31:0]$83, Q = \c_mem[250]).
Adding EN signal on $memory\c_mem[24]$6730 ($dff) from module matmul_16x16 (D = $0$memwr$\c_mem$rtl/matmul_16x16.sv:183$57_DATA[31:0]$83, Q = \c_mem[24]).
Adding EN signal on $memory\c_mem[249]$7180 ($dff) from module matmul_16x16 (D = $0$memwr$\c_mem$rtl/matmul_16x16.sv:183$57_DATA[31:0]$83, Q = \c_mem[249]).
Adding EN signal on $memory\c_mem[248]$7178 ($dff) from module matmul_16x16 (D = $0$memwr$\c_mem$rtl/matmul_16x16.sv:183$57_DATA[31:0]$83, Q = \c_mem[248]).
Adding EN signal on $memory\c_mem[247]$7176 ($dff) from module matmul_16x16 (D = $0$memwr$\c_mem$rtl/matmul_16x16.sv:183$57_DATA[31:0]$83, Q = \c_mem[247]).
Adding EN signal on $memory\c_mem[246]$7174 ($dff) from module matmul_16x16 (D = $0$memwr$\c_mem$rtl/matmul_16x16.sv:183$57_DATA[31:0]$83, Q = \c_mem[246]).
Adding EN signal on $memory\c_mem[245]$7172 ($dff) from module matmul_16x16 (D = $0$memwr$\c_mem$rtl/matmul_16x16.sv:183$57_DATA[31:0]$83, Q = \c_mem[245]).
Adding EN signal on $memory\c_mem[244]$7170 ($dff) from module matmul_16x16 (D = $0$memwr$\c_mem$rtl/matmul_16x16.sv:183$57_DATA[31:0]$83, Q = \c_mem[244]).
Adding EN signal on $memory\c_mem[243]$7168 ($dff) from module matmul_16x16 (D = $0$memwr$\c_mem$rtl/matmul_16x16.sv:183$57_DATA[31:0]$83, Q = \c_mem[243]).
Adding EN signal on $memory\c_mem[242]$7166 ($dff) from module matmul_16x16 (D = $0$memwr$\c_mem$rtl/matmul_16x16.sv:183$57_DATA[31:0]$83, Q = \c_mem[242]).
Adding EN signal on $memory\c_mem[241]$7164 ($dff) from module matmul_16x16 (D = $0$memwr$\c_mem$rtl/matmul_16x16.sv:183$57_DATA[31:0]$83, Q = \c_mem[241]).
Adding EN signal on $memory\c_mem[240]$7162 ($dff) from module matmul_16x16 (D = $0$memwr$\c_mem$rtl/matmul_16x16.sv:183$57_DATA[31:0]$83, Q = \c_mem[240]).
Adding EN signal on $memory\c_mem[23]$6728 ($dff) from module matmul_16x16 (D = $0$memwr$\c_mem$rtl/matmul_16x16.sv:183$57_DATA[31:0]$83, Q = \c_mem[23]).
Adding EN signal on $memory\c_mem[239]$7160 ($dff) from module matmul_16x16 (D = $0$memwr$\c_mem$rtl/matmul_16x16.sv:183$57_DATA[31:0]$83, Q = \c_mem[239]).
Adding EN signal on $memory\c_mem[238]$7158 ($dff) from module matmul_16x16 (D = $0$memwr$\c_mem$rtl/matmul_16x16.sv:183$57_DATA[31:0]$83, Q = \c_mem[238]).
Adding EN signal on $memory\c_mem[237]$7156 ($dff) from module matmul_16x16 (D = $0$memwr$\c_mem$rtl/matmul_16x16.sv:183$57_DATA[31:0]$83, Q = \c_mem[237]).
Adding EN signal on $memory\c_mem[236]$7154 ($dff) from module matmul_16x16 (D = $0$memwr$\c_mem$rtl/matmul_16x16.sv:183$57_DATA[31:0]$83, Q = \c_mem[236]).
Adding EN signal on $memory\c_mem[235]$7152 ($dff) from module matmul_16x16 (D = $0$memwr$\c_mem$rtl/matmul_16x16.sv:183$57_DATA[31:0]$83, Q = \c_mem[235]).
Adding EN signal on $memory\c_mem[234]$7150 ($dff) from module matmul_16x16 (D = $0$memwr$\c_mem$rtl/matmul_16x16.sv:183$57_DATA[31:0]$83, Q = \c_mem[234]).
Adding EN signal on $memory\c_mem[233]$7148 ($dff) from module matmul_16x16 (D = $0$memwr$\c_mem$rtl/matmul_16x16.sv:183$57_DATA[31:0]$83, Q = \c_mem[233]).
Adding EN signal on $memory\c_mem[232]$7146 ($dff) from module matmul_16x16 (D = $0$memwr$\c_mem$rtl/matmul_16x16.sv:183$57_DATA[31:0]$83, Q = \c_mem[232]).
Adding EN signal on $memory\c_mem[231]$7144 ($dff) from module matmul_16x16 (D = $0$memwr$\c_mem$rtl/matmul_16x16.sv:183$57_DATA[31:0]$83, Q = \c_mem[231]).
Adding EN signal on $memory\c_mem[230]$7142 ($dff) from module matmul_16x16 (D = $0$memwr$\c_mem$rtl/matmul_16x16.sv:183$57_DATA[31:0]$83, Q = \c_mem[230]).
Adding EN signal on $memory\c_mem[22]$6726 ($dff) from module matmul_16x16 (D = $0$memwr$\c_mem$rtl/matmul_16x16.sv:183$57_DATA[31:0]$83, Q = \c_mem[22]).
Adding EN signal on $memory\c_mem[229]$7140 ($dff) from module matmul_16x16 (D = $0$memwr$\c_mem$rtl/matmul_16x16.sv:183$57_DATA[31:0]$83, Q = \c_mem[229]).
Adding EN signal on $memory\c_mem[228]$7138 ($dff) from module matmul_16x16 (D = $0$memwr$\c_mem$rtl/matmul_16x16.sv:183$57_DATA[31:0]$83, Q = \c_mem[228]).
Adding EN signal on $memory\c_mem[227]$7136 ($dff) from module matmul_16x16 (D = $0$memwr$\c_mem$rtl/matmul_16x16.sv:183$57_DATA[31:0]$83, Q = \c_mem[227]).
Adding EN signal on $memory\c_mem[226]$7134 ($dff) from module matmul_16x16 (D = $0$memwr$\c_mem$rtl/matmul_16x16.sv:183$57_DATA[31:0]$83, Q = \c_mem[226]).
Adding EN signal on $memory\c_mem[225]$7132 ($dff) from module matmul_16x16 (D = $0$memwr$\c_mem$rtl/matmul_16x16.sv:183$57_DATA[31:0]$83, Q = \c_mem[225]).
Adding EN signal on $memory\c_mem[224]$7130 ($dff) from module matmul_16x16 (D = $0$memwr$\c_mem$rtl/matmul_16x16.sv:183$57_DATA[31:0]$83, Q = \c_mem[224]).
Adding EN signal on $memory\c_mem[223]$7128 ($dff) from module matmul_16x16 (D = $0$memwr$\c_mem$rtl/matmul_16x16.sv:183$57_DATA[31:0]$83, Q = \c_mem[223]).
Adding EN signal on $memory\c_mem[222]$7126 ($dff) from module matmul_16x16 (D = $0$memwr$\c_mem$rtl/matmul_16x16.sv:183$57_DATA[31:0]$83, Q = \c_mem[222]).
Adding EN signal on $memory\c_mem[221]$7124 ($dff) from module matmul_16x16 (D = $0$memwr$\c_mem$rtl/matmul_16x16.sv:183$57_DATA[31:0]$83, Q = \c_mem[221]).
Adding EN signal on $memory\c_mem[220]$7122 ($dff) from module matmul_16x16 (D = $0$memwr$\c_mem$rtl/matmul_16x16.sv:183$57_DATA[31:0]$83, Q = \c_mem[220]).
Adding EN signal on $memory\c_mem[21]$6724 ($dff) from module matmul_16x16 (D = $0$memwr$\c_mem$rtl/matmul_16x16.sv:183$57_DATA[31:0]$83, Q = \c_mem[21]).
Adding EN signal on $memory\c_mem[219]$7120 ($dff) from module matmul_16x16 (D = $0$memwr$\c_mem$rtl/matmul_16x16.sv:183$57_DATA[31:0]$83, Q = \c_mem[219]).
Adding EN signal on $memory\c_mem[218]$7118 ($dff) from module matmul_16x16 (D = $0$memwr$\c_mem$rtl/matmul_16x16.sv:183$57_DATA[31:0]$83, Q = \c_mem[218]).
Adding EN signal on $memory\c_mem[217]$7116 ($dff) from module matmul_16x16 (D = $0$memwr$\c_mem$rtl/matmul_16x16.sv:183$57_DATA[31:0]$83, Q = \c_mem[217]).
Adding EN signal on $memory\c_mem[216]$7114 ($dff) from module matmul_16x16 (D = $0$memwr$\c_mem$rtl/matmul_16x16.sv:183$57_DATA[31:0]$83, Q = \c_mem[216]).
Adding EN signal on $memory\c_mem[215]$7112 ($dff) from module matmul_16x16 (D = $0$memwr$\c_mem$rtl/matmul_16x16.sv:183$57_DATA[31:0]$83, Q = \c_mem[215]).
Adding EN signal on $memory\c_mem[214]$7110 ($dff) from module matmul_16x16 (D = $0$memwr$\c_mem$rtl/matmul_16x16.sv:183$57_DATA[31:0]$83, Q = \c_mem[214]).
Adding EN signal on $memory\c_mem[213]$7108 ($dff) from module matmul_16x16 (D = $0$memwr$\c_mem$rtl/matmul_16x16.sv:183$57_DATA[31:0]$83, Q = \c_mem[213]).
Adding EN signal on $memory\c_mem[212]$7106 ($dff) from module matmul_16x16 (D = $0$memwr$\c_mem$rtl/matmul_16x16.sv:183$57_DATA[31:0]$83, Q = \c_mem[212]).
Adding EN signal on $memory\c_mem[211]$7104 ($dff) from module matmul_16x16 (D = $0$memwr$\c_mem$rtl/matmul_16x16.sv:183$57_DATA[31:0]$83, Q = \c_mem[211]).
Adding EN signal on $memory\c_mem[210]$7102 ($dff) from module matmul_16x16 (D = $0$memwr$\c_mem$rtl/matmul_16x16.sv:183$57_DATA[31:0]$83, Q = \c_mem[210]).
Adding EN signal on $memory\c_mem[20]$6722 ($dff) from module matmul_16x16 (D = $0$memwr$\c_mem$rtl/matmul_16x16.sv:183$57_DATA[31:0]$83, Q = \c_mem[20]).
Adding EN signal on $memory\c_mem[209]$7100 ($dff) from module matmul_16x16 (D = $0$memwr$\c_mem$rtl/matmul_16x16.sv:183$57_DATA[31:0]$83, Q = \c_mem[209]).
Adding EN signal on $memory\c_mem[208]$7098 ($dff) from module matmul_16x16 (D = $0$memwr$\c_mem$rtl/matmul_16x16.sv:183$57_DATA[31:0]$83, Q = \c_mem[208]).
Adding EN signal on $memory\c_mem[207]$7096 ($dff) from module matmul_16x16 (D = $0$memwr$\c_mem$rtl/matmul_16x16.sv:183$57_DATA[31:0]$83, Q = \c_mem[207]).
Adding EN signal on $memory\c_mem[206]$7094 ($dff) from module matmul_16x16 (D = $0$memwr$\c_mem$rtl/matmul_16x16.sv:183$57_DATA[31:0]$83, Q = \c_mem[206]).
Adding EN signal on $memory\c_mem[205]$7092 ($dff) from module matmul_16x16 (D = $0$memwr$\c_mem$rtl/matmul_16x16.sv:183$57_DATA[31:0]$83, Q = \c_mem[205]).
Adding EN signal on $memory\c_mem[204]$7090 ($dff) from module matmul_16x16 (D = $0$memwr$\c_mem$rtl/matmul_16x16.sv:183$57_DATA[31:0]$83, Q = \c_mem[204]).
Adding EN signal on $memory\c_mem[203]$7088 ($dff) from module matmul_16x16 (D = $0$memwr$\c_mem$rtl/matmul_16x16.sv:183$57_DATA[31:0]$83, Q = \c_mem[203]).
Adding EN signal on $memory\c_mem[202]$7086 ($dff) from module matmul_16x16 (D = $0$memwr$\c_mem$rtl/matmul_16x16.sv:183$57_DATA[31:0]$83, Q = \c_mem[202]).
Adding EN signal on $memory\c_mem[201]$7084 ($dff) from module matmul_16x16 (D = $0$memwr$\c_mem$rtl/matmul_16x16.sv:183$57_DATA[31:0]$83, Q = \c_mem[201]).
Adding EN signal on $memory\c_mem[200]$7082 ($dff) from module matmul_16x16 (D = $0$memwr$\c_mem$rtl/matmul_16x16.sv:183$57_DATA[31:0]$83, Q = \c_mem[200]).
Adding EN signal on $memory\c_mem[1]$6684 ($dff) from module matmul_16x16 (D = $0$memwr$\c_mem$rtl/matmul_16x16.sv:183$57_DATA[31:0]$83, Q = \c_mem[1]).
Adding EN signal on $memory\c_mem[19]$6720 ($dff) from module matmul_16x16 (D = $0$memwr$\c_mem$rtl/matmul_16x16.sv:183$57_DATA[31:0]$83, Q = \c_mem[19]).
Adding EN signal on $memory\c_mem[199]$7080 ($dff) from module matmul_16x16 (D = $0$memwr$\c_mem$rtl/matmul_16x16.sv:183$57_DATA[31:0]$83, Q = \c_mem[199]).
Adding EN signal on $memory\c_mem[198]$7078 ($dff) from module matmul_16x16 (D = $0$memwr$\c_mem$rtl/matmul_16x16.sv:183$57_DATA[31:0]$83, Q = \c_mem[198]).
Adding EN signal on $memory\c_mem[197]$7076 ($dff) from module matmul_16x16 (D = $0$memwr$\c_mem$rtl/matmul_16x16.sv:183$57_DATA[31:0]$83, Q = \c_mem[197]).
Adding EN signal on $memory\c_mem[196]$7074 ($dff) from module matmul_16x16 (D = $0$memwr$\c_mem$rtl/matmul_16x16.sv:183$57_DATA[31:0]$83, Q = \c_mem[196]).
Adding EN signal on $memory\c_mem[195]$7072 ($dff) from module matmul_16x16 (D = $0$memwr$\c_mem$rtl/matmul_16x16.sv:183$57_DATA[31:0]$83, Q = \c_mem[195]).
Adding EN signal on $memory\c_mem[194]$7070 ($dff) from module matmul_16x16 (D = $0$memwr$\c_mem$rtl/matmul_16x16.sv:183$57_DATA[31:0]$83, Q = \c_mem[194]).
Adding EN signal on $memory\c_mem[193]$7068 ($dff) from module matmul_16x16 (D = $0$memwr$\c_mem$rtl/matmul_16x16.sv:183$57_DATA[31:0]$83, Q = \c_mem[193]).
Adding EN signal on $memory\c_mem[192]$7066 ($dff) from module matmul_16x16 (D = $0$memwr$\c_mem$rtl/matmul_16x16.sv:183$57_DATA[31:0]$83, Q = \c_mem[192]).
Adding EN signal on $memory\c_mem[191]$7064 ($dff) from module matmul_16x16 (D = $0$memwr$\c_mem$rtl/matmul_16x16.sv:183$57_DATA[31:0]$83, Q = \c_mem[191]).
Adding EN signal on $memory\c_mem[190]$7062 ($dff) from module matmul_16x16 (D = $0$memwr$\c_mem$rtl/matmul_16x16.sv:183$57_DATA[31:0]$83, Q = \c_mem[190]).
Adding EN signal on $memory\c_mem[18]$6718 ($dff) from module matmul_16x16 (D = $0$memwr$\c_mem$rtl/matmul_16x16.sv:183$57_DATA[31:0]$83, Q = \c_mem[18]).
Adding EN signal on $memory\c_mem[189]$7060 ($dff) from module matmul_16x16 (D = $0$memwr$\c_mem$rtl/matmul_16x16.sv:183$57_DATA[31:0]$83, Q = \c_mem[189]).
Adding EN signal on $memory\c_mem[188]$7058 ($dff) from module matmul_16x16 (D = $0$memwr$\c_mem$rtl/matmul_16x16.sv:183$57_DATA[31:0]$83, Q = \c_mem[188]).
Adding EN signal on $memory\c_mem[187]$7056 ($dff) from module matmul_16x16 (D = $0$memwr$\c_mem$rtl/matmul_16x16.sv:183$57_DATA[31:0]$83, Q = \c_mem[187]).
Adding EN signal on $memory\c_mem[186]$7054 ($dff) from module matmul_16x16 (D = $0$memwr$\c_mem$rtl/matmul_16x16.sv:183$57_DATA[31:0]$83, Q = \c_mem[186]).
Adding EN signal on $memory\c_mem[185]$7052 ($dff) from module matmul_16x16 (D = $0$memwr$\c_mem$rtl/matmul_16x16.sv:183$57_DATA[31:0]$83, Q = \c_mem[185]).
Adding EN signal on $memory\c_mem[184]$7050 ($dff) from module matmul_16x16 (D = $0$memwr$\c_mem$rtl/matmul_16x16.sv:183$57_DATA[31:0]$83, Q = \c_mem[184]).
Adding EN signal on $memory\c_mem[183]$7048 ($dff) from module matmul_16x16 (D = $0$memwr$\c_mem$rtl/matmul_16x16.sv:183$57_DATA[31:0]$83, Q = \c_mem[183]).
Adding EN signal on $memory\c_mem[182]$7046 ($dff) from module matmul_16x16 (D = $0$memwr$\c_mem$rtl/matmul_16x16.sv:183$57_DATA[31:0]$83, Q = \c_mem[182]).
Adding EN signal on $memory\c_mem[181]$7044 ($dff) from module matmul_16x16 (D = $0$memwr$\c_mem$rtl/matmul_16x16.sv:183$57_DATA[31:0]$83, Q = \c_mem[181]).
Adding EN signal on $memory\c_mem[180]$7042 ($dff) from module matmul_16x16 (D = $0$memwr$\c_mem$rtl/matmul_16x16.sv:183$57_DATA[31:0]$83, Q = \c_mem[180]).
Adding EN signal on $memory\c_mem[17]$6716 ($dff) from module matmul_16x16 (D = $0$memwr$\c_mem$rtl/matmul_16x16.sv:183$57_DATA[31:0]$83, Q = \c_mem[17]).
Adding EN signal on $memory\c_mem[179]$7040 ($dff) from module matmul_16x16 (D = $0$memwr$\c_mem$rtl/matmul_16x16.sv:183$57_DATA[31:0]$83, Q = \c_mem[179]).
Adding EN signal on $memory\c_mem[178]$7038 ($dff) from module matmul_16x16 (D = $0$memwr$\c_mem$rtl/matmul_16x16.sv:183$57_DATA[31:0]$83, Q = \c_mem[178]).
Adding EN signal on $memory\c_mem[177]$7036 ($dff) from module matmul_16x16 (D = $0$memwr$\c_mem$rtl/matmul_16x16.sv:183$57_DATA[31:0]$83, Q = \c_mem[177]).
Adding EN signal on $memory\c_mem[176]$7034 ($dff) from module matmul_16x16 (D = $0$memwr$\c_mem$rtl/matmul_16x16.sv:183$57_DATA[31:0]$83, Q = \c_mem[176]).
Adding EN signal on $memory\c_mem[175]$7032 ($dff) from module matmul_16x16 (D = $0$memwr$\c_mem$rtl/matmul_16x16.sv:183$57_DATA[31:0]$83, Q = \c_mem[175]).
Adding EN signal on $memory\c_mem[174]$7030 ($dff) from module matmul_16x16 (D = $0$memwr$\c_mem$rtl/matmul_16x16.sv:183$57_DATA[31:0]$83, Q = \c_mem[174]).
Adding EN signal on $memory\c_mem[173]$7028 ($dff) from module matmul_16x16 (D = $0$memwr$\c_mem$rtl/matmul_16x16.sv:183$57_DATA[31:0]$83, Q = \c_mem[173]).
Adding EN signal on $memory\c_mem[172]$7026 ($dff) from module matmul_16x16 (D = $0$memwr$\c_mem$rtl/matmul_16x16.sv:183$57_DATA[31:0]$83, Q = \c_mem[172]).
Adding EN signal on $memory\c_mem[171]$7024 ($dff) from module matmul_16x16 (D = $0$memwr$\c_mem$rtl/matmul_16x16.sv:183$57_DATA[31:0]$83, Q = \c_mem[171]).
Adding EN signal on $memory\c_mem[170]$7022 ($dff) from module matmul_16x16 (D = $0$memwr$\c_mem$rtl/matmul_16x16.sv:183$57_DATA[31:0]$83, Q = \c_mem[170]).
Adding EN signal on $memory\c_mem[16]$6714 ($dff) from module matmul_16x16 (D = $0$memwr$\c_mem$rtl/matmul_16x16.sv:183$57_DATA[31:0]$83, Q = \c_mem[16]).
Adding EN signal on $memory\c_mem[169]$7020 ($dff) from module matmul_16x16 (D = $0$memwr$\c_mem$rtl/matmul_16x16.sv:183$57_DATA[31:0]$83, Q = \c_mem[169]).
Adding EN signal on $memory\c_mem[168]$7018 ($dff) from module matmul_16x16 (D = $0$memwr$\c_mem$rtl/matmul_16x16.sv:183$57_DATA[31:0]$83, Q = \c_mem[168]).
Adding EN signal on $memory\c_mem[167]$7016 ($dff) from module matmul_16x16 (D = $0$memwr$\c_mem$rtl/matmul_16x16.sv:183$57_DATA[31:0]$83, Q = \c_mem[167]).
Adding EN signal on $memory\c_mem[166]$7014 ($dff) from module matmul_16x16 (D = $0$memwr$\c_mem$rtl/matmul_16x16.sv:183$57_DATA[31:0]$83, Q = \c_mem[166]).
Adding EN signal on $memory\c_mem[165]$7012 ($dff) from module matmul_16x16 (D = $0$memwr$\c_mem$rtl/matmul_16x16.sv:183$57_DATA[31:0]$83, Q = \c_mem[165]).
Adding EN signal on $memory\c_mem[164]$7010 ($dff) from module matmul_16x16 (D = $0$memwr$\c_mem$rtl/matmul_16x16.sv:183$57_DATA[31:0]$83, Q = \c_mem[164]).
Adding EN signal on $memory\c_mem[163]$7008 ($dff) from module matmul_16x16 (D = $0$memwr$\c_mem$rtl/matmul_16x16.sv:183$57_DATA[31:0]$83, Q = \c_mem[163]).
Adding EN signal on $memory\c_mem[162]$7006 ($dff) from module matmul_16x16 (D = $0$memwr$\c_mem$rtl/matmul_16x16.sv:183$57_DATA[31:0]$83, Q = \c_mem[162]).
Adding EN signal on $memory\c_mem[161]$7004 ($dff) from module matmul_16x16 (D = $0$memwr$\c_mem$rtl/matmul_16x16.sv:183$57_DATA[31:0]$83, Q = \c_mem[161]).
Adding EN signal on $memory\c_mem[160]$7002 ($dff) from module matmul_16x16 (D = $0$memwr$\c_mem$rtl/matmul_16x16.sv:183$57_DATA[31:0]$83, Q = \c_mem[160]).
Adding EN signal on $memory\c_mem[15]$6712 ($dff) from module matmul_16x16 (D = $0$memwr$\c_mem$rtl/matmul_16x16.sv:183$57_DATA[31:0]$83, Q = \c_mem[15]).
Adding EN signal on $memory\c_mem[159]$7000 ($dff) from module matmul_16x16 (D = $0$memwr$\c_mem$rtl/matmul_16x16.sv:183$57_DATA[31:0]$83, Q = \c_mem[159]).
Adding EN signal on $memory\c_mem[158]$6998 ($dff) from module matmul_16x16 (D = $0$memwr$\c_mem$rtl/matmul_16x16.sv:183$57_DATA[31:0]$83, Q = \c_mem[158]).
Adding EN signal on $memory\c_mem[157]$6996 ($dff) from module matmul_16x16 (D = $0$memwr$\c_mem$rtl/matmul_16x16.sv:183$57_DATA[31:0]$83, Q = \c_mem[157]).
Adding EN signal on $memory\c_mem[156]$6994 ($dff) from module matmul_16x16 (D = $0$memwr$\c_mem$rtl/matmul_16x16.sv:183$57_DATA[31:0]$83, Q = \c_mem[156]).
Adding EN signal on $memory\c_mem[155]$6992 ($dff) from module matmul_16x16 (D = $0$memwr$\c_mem$rtl/matmul_16x16.sv:183$57_DATA[31:0]$83, Q = \c_mem[155]).
Adding EN signal on $memory\c_mem[154]$6990 ($dff) from module matmul_16x16 (D = $0$memwr$\c_mem$rtl/matmul_16x16.sv:183$57_DATA[31:0]$83, Q = \c_mem[154]).
Adding EN signal on $memory\c_mem[153]$6988 ($dff) from module matmul_16x16 (D = $0$memwr$\c_mem$rtl/matmul_16x16.sv:183$57_DATA[31:0]$83, Q = \c_mem[153]).
Adding EN signal on $memory\c_mem[152]$6986 ($dff) from module matmul_16x16 (D = $0$memwr$\c_mem$rtl/matmul_16x16.sv:183$57_DATA[31:0]$83, Q = \c_mem[152]).
Adding EN signal on $memory\c_mem[151]$6984 ($dff) from module matmul_16x16 (D = $0$memwr$\c_mem$rtl/matmul_16x16.sv:183$57_DATA[31:0]$83, Q = \c_mem[151]).
Adding EN signal on $memory\c_mem[150]$6982 ($dff) from module matmul_16x16 (D = $0$memwr$\c_mem$rtl/matmul_16x16.sv:183$57_DATA[31:0]$83, Q = \c_mem[150]).
Adding EN signal on $memory\c_mem[14]$6710 ($dff) from module matmul_16x16 (D = $0$memwr$\c_mem$rtl/matmul_16x16.sv:183$57_DATA[31:0]$83, Q = \c_mem[14]).
Adding EN signal on $memory\c_mem[149]$6980 ($dff) from module matmul_16x16 (D = $0$memwr$\c_mem$rtl/matmul_16x16.sv:183$57_DATA[31:0]$83, Q = \c_mem[149]).
Adding EN signal on $memory\c_mem[148]$6978 ($dff) from module matmul_16x16 (D = $0$memwr$\c_mem$rtl/matmul_16x16.sv:183$57_DATA[31:0]$83, Q = \c_mem[148]).
Adding EN signal on $memory\c_mem[147]$6976 ($dff) from module matmul_16x16 (D = $0$memwr$\c_mem$rtl/matmul_16x16.sv:183$57_DATA[31:0]$83, Q = \c_mem[147]).
Adding EN signal on $memory\c_mem[146]$6974 ($dff) from module matmul_16x16 (D = $0$memwr$\c_mem$rtl/matmul_16x16.sv:183$57_DATA[31:0]$83, Q = \c_mem[146]).
Adding EN signal on $memory\c_mem[145]$6972 ($dff) from module matmul_16x16 (D = $0$memwr$\c_mem$rtl/matmul_16x16.sv:183$57_DATA[31:0]$83, Q = \c_mem[145]).
Adding EN signal on $memory\c_mem[144]$6970 ($dff) from module matmul_16x16 (D = $0$memwr$\c_mem$rtl/matmul_16x16.sv:183$57_DATA[31:0]$83, Q = \c_mem[144]).
Adding EN signal on $memory\c_mem[143]$6968 ($dff) from module matmul_16x16 (D = $0$memwr$\c_mem$rtl/matmul_16x16.sv:183$57_DATA[31:0]$83, Q = \c_mem[143]).
Adding EN signal on $memory\c_mem[142]$6966 ($dff) from module matmul_16x16 (D = $0$memwr$\c_mem$rtl/matmul_16x16.sv:183$57_DATA[31:0]$83, Q = \c_mem[142]).
Adding EN signal on $memory\c_mem[141]$6964 ($dff) from module matmul_16x16 (D = $0$memwr$\c_mem$rtl/matmul_16x16.sv:183$57_DATA[31:0]$83, Q = \c_mem[141]).
Adding EN signal on $memory\c_mem[140]$6962 ($dff) from module matmul_16x16 (D = $0$memwr$\c_mem$rtl/matmul_16x16.sv:183$57_DATA[31:0]$83, Q = \c_mem[140]).
Adding EN signal on $memory\c_mem[13]$6708 ($dff) from module matmul_16x16 (D = $0$memwr$\c_mem$rtl/matmul_16x16.sv:183$57_DATA[31:0]$83, Q = \c_mem[13]).
Adding EN signal on $memory\c_mem[139]$6960 ($dff) from module matmul_16x16 (D = $0$memwr$\c_mem$rtl/matmul_16x16.sv:183$57_DATA[31:0]$83, Q = \c_mem[139]).
Adding EN signal on $memory\c_mem[138]$6958 ($dff) from module matmul_16x16 (D = $0$memwr$\c_mem$rtl/matmul_16x16.sv:183$57_DATA[31:0]$83, Q = \c_mem[138]).
Adding EN signal on $memory\c_mem[137]$6956 ($dff) from module matmul_16x16 (D = $0$memwr$\c_mem$rtl/matmul_16x16.sv:183$57_DATA[31:0]$83, Q = \c_mem[137]).
Adding EN signal on $memory\c_mem[136]$6954 ($dff) from module matmul_16x16 (D = $0$memwr$\c_mem$rtl/matmul_16x16.sv:183$57_DATA[31:0]$83, Q = \c_mem[136]).
Adding EN signal on $memory\c_mem[135]$6952 ($dff) from module matmul_16x16 (D = $0$memwr$\c_mem$rtl/matmul_16x16.sv:183$57_DATA[31:0]$83, Q = \c_mem[135]).
Adding EN signal on $memory\c_mem[134]$6950 ($dff) from module matmul_16x16 (D = $0$memwr$\c_mem$rtl/matmul_16x16.sv:183$57_DATA[31:0]$83, Q = \c_mem[134]).
Adding EN signal on $memory\c_mem[133]$6948 ($dff) from module matmul_16x16 (D = $0$memwr$\c_mem$rtl/matmul_16x16.sv:183$57_DATA[31:0]$83, Q = \c_mem[133]).
Adding EN signal on $memory\c_mem[132]$6946 ($dff) from module matmul_16x16 (D = $0$memwr$\c_mem$rtl/matmul_16x16.sv:183$57_DATA[31:0]$83, Q = \c_mem[132]).
Adding EN signal on $memory\c_mem[131]$6944 ($dff) from module matmul_16x16 (D = $0$memwr$\c_mem$rtl/matmul_16x16.sv:183$57_DATA[31:0]$83, Q = \c_mem[131]).
Adding EN signal on $memory\c_mem[130]$6942 ($dff) from module matmul_16x16 (D = $0$memwr$\c_mem$rtl/matmul_16x16.sv:183$57_DATA[31:0]$83, Q = \c_mem[130]).
Adding EN signal on $memory\c_mem[12]$6706 ($dff) from module matmul_16x16 (D = $0$memwr$\c_mem$rtl/matmul_16x16.sv:183$57_DATA[31:0]$83, Q = \c_mem[12]).
Adding EN signal on $memory\c_mem[129]$6940 ($dff) from module matmul_16x16 (D = $0$memwr$\c_mem$rtl/matmul_16x16.sv:183$57_DATA[31:0]$83, Q = \c_mem[129]).
Adding EN signal on $memory\c_mem[128]$6938 ($dff) from module matmul_16x16 (D = $0$memwr$\c_mem$rtl/matmul_16x16.sv:183$57_DATA[31:0]$83, Q = \c_mem[128]).
Adding EN signal on $memory\c_mem[127]$6936 ($dff) from module matmul_16x16 (D = $0$memwr$\c_mem$rtl/matmul_16x16.sv:183$57_DATA[31:0]$83, Q = \c_mem[127]).
Adding EN signal on $memory\c_mem[126]$6934 ($dff) from module matmul_16x16 (D = $0$memwr$\c_mem$rtl/matmul_16x16.sv:183$57_DATA[31:0]$83, Q = \c_mem[126]).
Adding EN signal on $memory\c_mem[125]$6932 ($dff) from module matmul_16x16 (D = $0$memwr$\c_mem$rtl/matmul_16x16.sv:183$57_DATA[31:0]$83, Q = \c_mem[125]).
Adding EN signal on $memory\c_mem[124]$6930 ($dff) from module matmul_16x16 (D = $0$memwr$\c_mem$rtl/matmul_16x16.sv:183$57_DATA[31:0]$83, Q = \c_mem[124]).
Adding EN signal on $memory\c_mem[123]$6928 ($dff) from module matmul_16x16 (D = $0$memwr$\c_mem$rtl/matmul_16x16.sv:183$57_DATA[31:0]$83, Q = \c_mem[123]).
Adding EN signal on $memory\c_mem[122]$6926 ($dff) from module matmul_16x16 (D = $0$memwr$\c_mem$rtl/matmul_16x16.sv:183$57_DATA[31:0]$83, Q = \c_mem[122]).
Adding EN signal on $memory\c_mem[121]$6924 ($dff) from module matmul_16x16 (D = $0$memwr$\c_mem$rtl/matmul_16x16.sv:183$57_DATA[31:0]$83, Q = \c_mem[121]).
Adding EN signal on $memory\c_mem[120]$6922 ($dff) from module matmul_16x16 (D = $0$memwr$\c_mem$rtl/matmul_16x16.sv:183$57_DATA[31:0]$83, Q = \c_mem[120]).
Adding EN signal on $memory\c_mem[11]$6704 ($dff) from module matmul_16x16 (D = $0$memwr$\c_mem$rtl/matmul_16x16.sv:183$57_DATA[31:0]$83, Q = \c_mem[11]).
Adding EN signal on $memory\c_mem[119]$6920 ($dff) from module matmul_16x16 (D = $0$memwr$\c_mem$rtl/matmul_16x16.sv:183$57_DATA[31:0]$83, Q = \c_mem[119]).
Adding EN signal on $memory\c_mem[118]$6918 ($dff) from module matmul_16x16 (D = $0$memwr$\c_mem$rtl/matmul_16x16.sv:183$57_DATA[31:0]$83, Q = \c_mem[118]).
Adding EN signal on $memory\c_mem[117]$6916 ($dff) from module matmul_16x16 (D = $0$memwr$\c_mem$rtl/matmul_16x16.sv:183$57_DATA[31:0]$83, Q = \c_mem[117]).
Adding EN signal on $memory\c_mem[116]$6914 ($dff) from module matmul_16x16 (D = $0$memwr$\c_mem$rtl/matmul_16x16.sv:183$57_DATA[31:0]$83, Q = \c_mem[116]).
Adding EN signal on $memory\c_mem[115]$6912 ($dff) from module matmul_16x16 (D = $0$memwr$\c_mem$rtl/matmul_16x16.sv:183$57_DATA[31:0]$83, Q = \c_mem[115]).
Adding EN signal on $memory\c_mem[114]$6910 ($dff) from module matmul_16x16 (D = $0$memwr$\c_mem$rtl/matmul_16x16.sv:183$57_DATA[31:0]$83, Q = \c_mem[114]).
Adding EN signal on $memory\c_mem[113]$6908 ($dff) from module matmul_16x16 (D = $0$memwr$\c_mem$rtl/matmul_16x16.sv:183$57_DATA[31:0]$83, Q = \c_mem[113]).
Adding EN signal on $memory\c_mem[112]$6906 ($dff) from module matmul_16x16 (D = $0$memwr$\c_mem$rtl/matmul_16x16.sv:183$57_DATA[31:0]$83, Q = \c_mem[112]).
Adding EN signal on $memory\c_mem[111]$6904 ($dff) from module matmul_16x16 (D = $0$memwr$\c_mem$rtl/matmul_16x16.sv:183$57_DATA[31:0]$83, Q = \c_mem[111]).
Adding EN signal on $memory\c_mem[110]$6902 ($dff) from module matmul_16x16 (D = $0$memwr$\c_mem$rtl/matmul_16x16.sv:183$57_DATA[31:0]$83, Q = \c_mem[110]).
Adding EN signal on $memory\c_mem[10]$6702 ($dff) from module matmul_16x16 (D = $0$memwr$\c_mem$rtl/matmul_16x16.sv:183$57_DATA[31:0]$83, Q = \c_mem[10]).
Adding EN signal on $memory\c_mem[109]$6900 ($dff) from module matmul_16x16 (D = $0$memwr$\c_mem$rtl/matmul_16x16.sv:183$57_DATA[31:0]$83, Q = \c_mem[109]).
Adding EN signal on $memory\c_mem[108]$6898 ($dff) from module matmul_16x16 (D = $0$memwr$\c_mem$rtl/matmul_16x16.sv:183$57_DATA[31:0]$83, Q = \c_mem[108]).
Adding EN signal on $memory\c_mem[107]$6896 ($dff) from module matmul_16x16 (D = $0$memwr$\c_mem$rtl/matmul_16x16.sv:183$57_DATA[31:0]$83, Q = \c_mem[107]).
Adding EN signal on $memory\c_mem[106]$6894 ($dff) from module matmul_16x16 (D = $0$memwr$\c_mem$rtl/matmul_16x16.sv:183$57_DATA[31:0]$83, Q = \c_mem[106]).
Adding EN signal on $memory\c_mem[105]$6892 ($dff) from module matmul_16x16 (D = $0$memwr$\c_mem$rtl/matmul_16x16.sv:183$57_DATA[31:0]$83, Q = \c_mem[105]).
Adding EN signal on $memory\c_mem[104]$6890 ($dff) from module matmul_16x16 (D = $0$memwr$\c_mem$rtl/matmul_16x16.sv:183$57_DATA[31:0]$83, Q = \c_mem[104]).
Adding EN signal on $memory\c_mem[103]$6888 ($dff) from module matmul_16x16 (D = $0$memwr$\c_mem$rtl/matmul_16x16.sv:183$57_DATA[31:0]$83, Q = \c_mem[103]).
Adding EN signal on $memory\c_mem[102]$6886 ($dff) from module matmul_16x16 (D = $0$memwr$\c_mem$rtl/matmul_16x16.sv:183$57_DATA[31:0]$83, Q = \c_mem[102]).
Adding EN signal on $memory\c_mem[101]$6884 ($dff) from module matmul_16x16 (D = $0$memwr$\c_mem$rtl/matmul_16x16.sv:183$57_DATA[31:0]$83, Q = \c_mem[101]).
Adding EN signal on $memory\c_mem[100]$6882 ($dff) from module matmul_16x16 (D = $0$memwr$\c_mem$rtl/matmul_16x16.sv:183$57_DATA[31:0]$83, Q = \c_mem[100]).
Adding EN signal on $memory\c_mem[0]$6682 ($dff) from module matmul_16x16 (D = $0$memwr$\c_mem$rtl/matmul_16x16.sv:183$57_DATA[31:0]$83, Q = \c_mem[0]).
Adding EN signal on $memory\b_mem[9]$3768 ($dff) from module matmul_16x16 (D = $0$memwr$\b_mem$rtl/matmul_16x16.sv:136$55_DATA[7:0]$60, Q = \b_mem[9]).
Adding EN signal on $memory\b_mem[99]$3948 ($dff) from module matmul_16x16 (D = $0$memwr$\b_mem$rtl/matmul_16x16.sv:136$55_DATA[7:0]$60, Q = \b_mem[99]).
Adding EN signal on $memory\b_mem[98]$3946 ($dff) from module matmul_16x16 (D = $0$memwr$\b_mem$rtl/matmul_16x16.sv:136$55_DATA[7:0]$60, Q = \b_mem[98]).
Adding EN signal on $memory\b_mem[97]$3944 ($dff) from module matmul_16x16 (D = $0$memwr$\b_mem$rtl/matmul_16x16.sv:136$55_DATA[7:0]$60, Q = \b_mem[97]).
Adding EN signal on $memory\b_mem[96]$3942 ($dff) from module matmul_16x16 (D = $0$memwr$\b_mem$rtl/matmul_16x16.sv:136$55_DATA[7:0]$60, Q = \b_mem[96]).
Adding EN signal on $memory\b_mem[95]$3940 ($dff) from module matmul_16x16 (D = $0$memwr$\b_mem$rtl/matmul_16x16.sv:136$55_DATA[7:0]$60, Q = \b_mem[95]).
Adding EN signal on $memory\b_mem[94]$3938 ($dff) from module matmul_16x16 (D = $0$memwr$\b_mem$rtl/matmul_16x16.sv:136$55_DATA[7:0]$60, Q = \b_mem[94]).
Adding EN signal on $memory\b_mem[93]$3936 ($dff) from module matmul_16x16 (D = $0$memwr$\b_mem$rtl/matmul_16x16.sv:136$55_DATA[7:0]$60, Q = \b_mem[93]).
Adding EN signal on $memory\b_mem[92]$3934 ($dff) from module matmul_16x16 (D = $0$memwr$\b_mem$rtl/matmul_16x16.sv:136$55_DATA[7:0]$60, Q = \b_mem[92]).
Adding EN signal on $memory\b_mem[91]$3932 ($dff) from module matmul_16x16 (D = $0$memwr$\b_mem$rtl/matmul_16x16.sv:136$55_DATA[7:0]$60, Q = \b_mem[91]).
Adding EN signal on $memory\b_mem[90]$3930 ($dff) from module matmul_16x16 (D = $0$memwr$\b_mem$rtl/matmul_16x16.sv:136$55_DATA[7:0]$60, Q = \b_mem[90]).
Adding EN signal on $memory\b_mem[8]$3766 ($dff) from module matmul_16x16 (D = $0$memwr$\b_mem$rtl/matmul_16x16.sv:136$55_DATA[7:0]$60, Q = \b_mem[8]).
Adding EN signal on $memory\b_mem[89]$3928 ($dff) from module matmul_16x16 (D = $0$memwr$\b_mem$rtl/matmul_16x16.sv:136$55_DATA[7:0]$60, Q = \b_mem[89]).
Adding EN signal on $memory\b_mem[88]$3926 ($dff) from module matmul_16x16 (D = $0$memwr$\b_mem$rtl/matmul_16x16.sv:136$55_DATA[7:0]$60, Q = \b_mem[88]).
Adding EN signal on $memory\b_mem[87]$3924 ($dff) from module matmul_16x16 (D = $0$memwr$\b_mem$rtl/matmul_16x16.sv:136$55_DATA[7:0]$60, Q = \b_mem[87]).
Adding EN signal on $memory\b_mem[86]$3922 ($dff) from module matmul_16x16 (D = $0$memwr$\b_mem$rtl/matmul_16x16.sv:136$55_DATA[7:0]$60, Q = \b_mem[86]).
Adding EN signal on $memory\b_mem[85]$3920 ($dff) from module matmul_16x16 (D = $0$memwr$\b_mem$rtl/matmul_16x16.sv:136$55_DATA[7:0]$60, Q = \b_mem[85]).
Adding EN signal on $memory\b_mem[84]$3918 ($dff) from module matmul_16x16 (D = $0$memwr$\b_mem$rtl/matmul_16x16.sv:136$55_DATA[7:0]$60, Q = \b_mem[84]).
Adding EN signal on $memory\b_mem[83]$3916 ($dff) from module matmul_16x16 (D = $0$memwr$\b_mem$rtl/matmul_16x16.sv:136$55_DATA[7:0]$60, Q = \b_mem[83]).
Adding EN signal on $memory\b_mem[82]$3914 ($dff) from module matmul_16x16 (D = $0$memwr$\b_mem$rtl/matmul_16x16.sv:136$55_DATA[7:0]$60, Q = \b_mem[82]).
Adding EN signal on $memory\b_mem[81]$3912 ($dff) from module matmul_16x16 (D = $0$memwr$\b_mem$rtl/matmul_16x16.sv:136$55_DATA[7:0]$60, Q = \b_mem[81]).
Adding EN signal on $memory\b_mem[80]$3910 ($dff) from module matmul_16x16 (D = $0$memwr$\b_mem$rtl/matmul_16x16.sv:136$55_DATA[7:0]$60, Q = \b_mem[80]).
Adding EN signal on $memory\b_mem[7]$3764 ($dff) from module matmul_16x16 (D = $0$memwr$\b_mem$rtl/matmul_16x16.sv:136$55_DATA[7:0]$60, Q = \b_mem[7]).
Adding EN signal on $memory\b_mem[79]$3908 ($dff) from module matmul_16x16 (D = $0$memwr$\b_mem$rtl/matmul_16x16.sv:136$55_DATA[7:0]$60, Q = \b_mem[79]).
Adding EN signal on $memory\b_mem[78]$3906 ($dff) from module matmul_16x16 (D = $0$memwr$\b_mem$rtl/matmul_16x16.sv:136$55_DATA[7:0]$60, Q = \b_mem[78]).
Adding EN signal on $memory\b_mem[77]$3904 ($dff) from module matmul_16x16 (D = $0$memwr$\b_mem$rtl/matmul_16x16.sv:136$55_DATA[7:0]$60, Q = \b_mem[77]).
Adding EN signal on $memory\b_mem[76]$3902 ($dff) from module matmul_16x16 (D = $0$memwr$\b_mem$rtl/matmul_16x16.sv:136$55_DATA[7:0]$60, Q = \b_mem[76]).
Adding EN signal on $memory\b_mem[75]$3900 ($dff) from module matmul_16x16 (D = $0$memwr$\b_mem$rtl/matmul_16x16.sv:136$55_DATA[7:0]$60, Q = \b_mem[75]).
Adding EN signal on $memory\b_mem[74]$3898 ($dff) from module matmul_16x16 (D = $0$memwr$\b_mem$rtl/matmul_16x16.sv:136$55_DATA[7:0]$60, Q = \b_mem[74]).
Adding EN signal on $memory\b_mem[73]$3896 ($dff) from module matmul_16x16 (D = $0$memwr$\b_mem$rtl/matmul_16x16.sv:136$55_DATA[7:0]$60, Q = \b_mem[73]).
Adding EN signal on $memory\b_mem[72]$3894 ($dff) from module matmul_16x16 (D = $0$memwr$\b_mem$rtl/matmul_16x16.sv:136$55_DATA[7:0]$60, Q = \b_mem[72]).
Adding EN signal on $memory\b_mem[71]$3892 ($dff) from module matmul_16x16 (D = $0$memwr$\b_mem$rtl/matmul_16x16.sv:136$55_DATA[7:0]$60, Q = \b_mem[71]).
Adding EN signal on $memory\b_mem[70]$3890 ($dff) from module matmul_16x16 (D = $0$memwr$\b_mem$rtl/matmul_16x16.sv:136$55_DATA[7:0]$60, Q = \b_mem[70]).
Adding EN signal on $memory\b_mem[6]$3762 ($dff) from module matmul_16x16 (D = $0$memwr$\b_mem$rtl/matmul_16x16.sv:136$55_DATA[7:0]$60, Q = \b_mem[6]).
Adding EN signal on $memory\b_mem[69]$3888 ($dff) from module matmul_16x16 (D = $0$memwr$\b_mem$rtl/matmul_16x16.sv:136$55_DATA[7:0]$60, Q = \b_mem[69]).
Adding EN signal on $memory\b_mem[68]$3886 ($dff) from module matmul_16x16 (D = $0$memwr$\b_mem$rtl/matmul_16x16.sv:136$55_DATA[7:0]$60, Q = \b_mem[68]).
Adding EN signal on $memory\b_mem[67]$3884 ($dff) from module matmul_16x16 (D = $0$memwr$\b_mem$rtl/matmul_16x16.sv:136$55_DATA[7:0]$60, Q = \b_mem[67]).
Adding EN signal on $memory\b_mem[66]$3882 ($dff) from module matmul_16x16 (D = $0$memwr$\b_mem$rtl/matmul_16x16.sv:136$55_DATA[7:0]$60, Q = \b_mem[66]).
Adding EN signal on $memory\b_mem[65]$3880 ($dff) from module matmul_16x16 (D = $0$memwr$\b_mem$rtl/matmul_16x16.sv:136$55_DATA[7:0]$60, Q = \b_mem[65]).
Adding EN signal on $memory\b_mem[64]$3878 ($dff) from module matmul_16x16 (D = $0$memwr$\b_mem$rtl/matmul_16x16.sv:136$55_DATA[7:0]$60, Q = \b_mem[64]).
Adding EN signal on $memory\b_mem[63]$3876 ($dff) from module matmul_16x16 (D = $0$memwr$\b_mem$rtl/matmul_16x16.sv:136$55_DATA[7:0]$60, Q = \b_mem[63]).
Adding EN signal on $memory\b_mem[62]$3874 ($dff) from module matmul_16x16 (D = $0$memwr$\b_mem$rtl/matmul_16x16.sv:136$55_DATA[7:0]$60, Q = \b_mem[62]).
Adding EN signal on $memory\b_mem[61]$3872 ($dff) from module matmul_16x16 (D = $0$memwr$\b_mem$rtl/matmul_16x16.sv:136$55_DATA[7:0]$60, Q = \b_mem[61]).
Adding EN signal on $memory\b_mem[60]$3870 ($dff) from module matmul_16x16 (D = $0$memwr$\b_mem$rtl/matmul_16x16.sv:136$55_DATA[7:0]$60, Q = \b_mem[60]).
Adding EN signal on $memory\b_mem[5]$3760 ($dff) from module matmul_16x16 (D = $0$memwr$\b_mem$rtl/matmul_16x16.sv:136$55_DATA[7:0]$60, Q = \b_mem[5]).
Adding EN signal on $memory\b_mem[59]$3868 ($dff) from module matmul_16x16 (D = $0$memwr$\b_mem$rtl/matmul_16x16.sv:136$55_DATA[7:0]$60, Q = \b_mem[59]).
Adding EN signal on $memory\b_mem[58]$3866 ($dff) from module matmul_16x16 (D = $0$memwr$\b_mem$rtl/matmul_16x16.sv:136$55_DATA[7:0]$60, Q = \b_mem[58]).
Adding EN signal on $memory\b_mem[57]$3864 ($dff) from module matmul_16x16 (D = $0$memwr$\b_mem$rtl/matmul_16x16.sv:136$55_DATA[7:0]$60, Q = \b_mem[57]).
Adding EN signal on $memory\b_mem[56]$3862 ($dff) from module matmul_16x16 (D = $0$memwr$\b_mem$rtl/matmul_16x16.sv:136$55_DATA[7:0]$60, Q = \b_mem[56]).
Adding EN signal on $memory\b_mem[55]$3860 ($dff) from module matmul_16x16 (D = $0$memwr$\b_mem$rtl/matmul_16x16.sv:136$55_DATA[7:0]$60, Q = \b_mem[55]).
Adding EN signal on $memory\b_mem[54]$3858 ($dff) from module matmul_16x16 (D = $0$memwr$\b_mem$rtl/matmul_16x16.sv:136$55_DATA[7:0]$60, Q = \b_mem[54]).
Adding EN signal on $memory\b_mem[53]$3856 ($dff) from module matmul_16x16 (D = $0$memwr$\b_mem$rtl/matmul_16x16.sv:136$55_DATA[7:0]$60, Q = \b_mem[53]).
Adding EN signal on $memory\b_mem[52]$3854 ($dff) from module matmul_16x16 (D = $0$memwr$\b_mem$rtl/matmul_16x16.sv:136$55_DATA[7:0]$60, Q = \b_mem[52]).
Adding EN signal on $memory\b_mem[51]$3852 ($dff) from module matmul_16x16 (D = $0$memwr$\b_mem$rtl/matmul_16x16.sv:136$55_DATA[7:0]$60, Q = \b_mem[51]).
Adding EN signal on $memory\b_mem[50]$3850 ($dff) from module matmul_16x16 (D = $0$memwr$\b_mem$rtl/matmul_16x16.sv:136$55_DATA[7:0]$60, Q = \b_mem[50]).
Adding EN signal on $memory\b_mem[4]$3758 ($dff) from module matmul_16x16 (D = $0$memwr$\b_mem$rtl/matmul_16x16.sv:136$55_DATA[7:0]$60, Q = \b_mem[4]).
Adding EN signal on $memory\b_mem[49]$3848 ($dff) from module matmul_16x16 (D = $0$memwr$\b_mem$rtl/matmul_16x16.sv:136$55_DATA[7:0]$60, Q = \b_mem[49]).
Adding EN signal on $memory\b_mem[48]$3846 ($dff) from module matmul_16x16 (D = $0$memwr$\b_mem$rtl/matmul_16x16.sv:136$55_DATA[7:0]$60, Q = \b_mem[48]).
Adding EN signal on $memory\b_mem[47]$3844 ($dff) from module matmul_16x16 (D = $0$memwr$\b_mem$rtl/matmul_16x16.sv:136$55_DATA[7:0]$60, Q = \b_mem[47]).
Adding EN signal on $memory\b_mem[46]$3842 ($dff) from module matmul_16x16 (D = $0$memwr$\b_mem$rtl/matmul_16x16.sv:136$55_DATA[7:0]$60, Q = \b_mem[46]).
Adding EN signal on $memory\b_mem[45]$3840 ($dff) from module matmul_16x16 (D = $0$memwr$\b_mem$rtl/matmul_16x16.sv:136$55_DATA[7:0]$60, Q = \b_mem[45]).
Adding EN signal on $memory\b_mem[44]$3838 ($dff) from module matmul_16x16 (D = $0$memwr$\b_mem$rtl/matmul_16x16.sv:136$55_DATA[7:0]$60, Q = \b_mem[44]).
Adding EN signal on $memory\b_mem[43]$3836 ($dff) from module matmul_16x16 (D = $0$memwr$\b_mem$rtl/matmul_16x16.sv:136$55_DATA[7:0]$60, Q = \b_mem[43]).
Adding EN signal on $memory\b_mem[42]$3834 ($dff) from module matmul_16x16 (D = $0$memwr$\b_mem$rtl/matmul_16x16.sv:136$55_DATA[7:0]$60, Q = \b_mem[42]).
Adding EN signal on $memory\b_mem[41]$3832 ($dff) from module matmul_16x16 (D = $0$memwr$\b_mem$rtl/matmul_16x16.sv:136$55_DATA[7:0]$60, Q = \b_mem[41]).
Adding EN signal on $memory\b_mem[40]$3830 ($dff) from module matmul_16x16 (D = $0$memwr$\b_mem$rtl/matmul_16x16.sv:136$55_DATA[7:0]$60, Q = \b_mem[40]).
Adding EN signal on $memory\b_mem[3]$3756 ($dff) from module matmul_16x16 (D = $0$memwr$\b_mem$rtl/matmul_16x16.sv:136$55_DATA[7:0]$60, Q = \b_mem[3]).
Adding EN signal on $memory\b_mem[39]$3828 ($dff) from module matmul_16x16 (D = $0$memwr$\b_mem$rtl/matmul_16x16.sv:136$55_DATA[7:0]$60, Q = \b_mem[39]).
Adding EN signal on $memory\b_mem[38]$3826 ($dff) from module matmul_16x16 (D = $0$memwr$\b_mem$rtl/matmul_16x16.sv:136$55_DATA[7:0]$60, Q = \b_mem[38]).
Adding EN signal on $memory\b_mem[37]$3824 ($dff) from module matmul_16x16 (D = $0$memwr$\b_mem$rtl/matmul_16x16.sv:136$55_DATA[7:0]$60, Q = \b_mem[37]).
Adding EN signal on $memory\b_mem[36]$3822 ($dff) from module matmul_16x16 (D = $0$memwr$\b_mem$rtl/matmul_16x16.sv:136$55_DATA[7:0]$60, Q = \b_mem[36]).
Adding EN signal on $memory\b_mem[35]$3820 ($dff) from module matmul_16x16 (D = $0$memwr$\b_mem$rtl/matmul_16x16.sv:136$55_DATA[7:0]$60, Q = \b_mem[35]).
Adding EN signal on $memory\b_mem[34]$3818 ($dff) from module matmul_16x16 (D = $0$memwr$\b_mem$rtl/matmul_16x16.sv:136$55_DATA[7:0]$60, Q = \b_mem[34]).
Adding EN signal on $memory\b_mem[33]$3816 ($dff) from module matmul_16x16 (D = $0$memwr$\b_mem$rtl/matmul_16x16.sv:136$55_DATA[7:0]$60, Q = \b_mem[33]).
Adding EN signal on $memory\b_mem[32]$3814 ($dff) from module matmul_16x16 (D = $0$memwr$\b_mem$rtl/matmul_16x16.sv:136$55_DATA[7:0]$60, Q = \b_mem[32]).
Adding EN signal on $memory\b_mem[31]$3812 ($dff) from module matmul_16x16 (D = $0$memwr$\b_mem$rtl/matmul_16x16.sv:136$55_DATA[7:0]$60, Q = \b_mem[31]).
Adding EN signal on $memory\b_mem[30]$3810 ($dff) from module matmul_16x16 (D = $0$memwr$\b_mem$rtl/matmul_16x16.sv:136$55_DATA[7:0]$60, Q = \b_mem[30]).
Adding EN signal on $memory\b_mem[2]$3754 ($dff) from module matmul_16x16 (D = $0$memwr$\b_mem$rtl/matmul_16x16.sv:136$55_DATA[7:0]$60, Q = \b_mem[2]).
Adding EN signal on $memory\b_mem[29]$3808 ($dff) from module matmul_16x16 (D = $0$memwr$\b_mem$rtl/matmul_16x16.sv:136$55_DATA[7:0]$60, Q = \b_mem[29]).
Adding EN signal on $memory\b_mem[28]$3806 ($dff) from module matmul_16x16 (D = $0$memwr$\b_mem$rtl/matmul_16x16.sv:136$55_DATA[7:0]$60, Q = \b_mem[28]).
Adding EN signal on $memory\b_mem[27]$3804 ($dff) from module matmul_16x16 (D = $0$memwr$\b_mem$rtl/matmul_16x16.sv:136$55_DATA[7:0]$60, Q = \b_mem[27]).
Adding EN signal on $memory\b_mem[26]$3802 ($dff) from module matmul_16x16 (D = $0$memwr$\b_mem$rtl/matmul_16x16.sv:136$55_DATA[7:0]$60, Q = \b_mem[26]).
Adding EN signal on $memory\b_mem[25]$3800 ($dff) from module matmul_16x16 (D = $0$memwr$\b_mem$rtl/matmul_16x16.sv:136$55_DATA[7:0]$60, Q = \b_mem[25]).
Adding EN signal on $memory\b_mem[255]$4260 ($dff) from module matmul_16x16 (D = $0$memwr$\b_mem$rtl/matmul_16x16.sv:136$55_DATA[7:0]$60, Q = \b_mem[255]).
Adding EN signal on $memory\b_mem[254]$4258 ($dff) from module matmul_16x16 (D = $0$memwr$\b_mem$rtl/matmul_16x16.sv:136$55_DATA[7:0]$60, Q = \b_mem[254]).
Adding EN signal on $memory\b_mem[253]$4256 ($dff) from module matmul_16x16 (D = $0$memwr$\b_mem$rtl/matmul_16x16.sv:136$55_DATA[7:0]$60, Q = \b_mem[253]).
Adding EN signal on $memory\b_mem[252]$4254 ($dff) from module matmul_16x16 (D = $0$memwr$\b_mem$rtl/matmul_16x16.sv:136$55_DATA[7:0]$60, Q = \b_mem[252]).
Adding EN signal on $memory\b_mem[251]$4252 ($dff) from module matmul_16x16 (D = $0$memwr$\b_mem$rtl/matmul_16x16.sv:136$55_DATA[7:0]$60, Q = \b_mem[251]).
Adding EN signal on $memory\b_mem[250]$4250 ($dff) from module matmul_16x16 (D = $0$memwr$\b_mem$rtl/matmul_16x16.sv:136$55_DATA[7:0]$60, Q = \b_mem[250]).
Adding EN signal on $memory\b_mem[24]$3798 ($dff) from module matmul_16x16 (D = $0$memwr$\b_mem$rtl/matmul_16x16.sv:136$55_DATA[7:0]$60, Q = \b_mem[24]).
Adding EN signal on $memory\b_mem[249]$4248 ($dff) from module matmul_16x16 (D = $0$memwr$\b_mem$rtl/matmul_16x16.sv:136$55_DATA[7:0]$60, Q = \b_mem[249]).
Adding EN signal on $memory\b_mem[248]$4246 ($dff) from module matmul_16x16 (D = $0$memwr$\b_mem$rtl/matmul_16x16.sv:136$55_DATA[7:0]$60, Q = \b_mem[248]).
Adding EN signal on $memory\b_mem[247]$4244 ($dff) from module matmul_16x16 (D = $0$memwr$\b_mem$rtl/matmul_16x16.sv:136$55_DATA[7:0]$60, Q = \b_mem[247]).
Adding EN signal on $memory\b_mem[246]$4242 ($dff) from module matmul_16x16 (D = $0$memwr$\b_mem$rtl/matmul_16x16.sv:136$55_DATA[7:0]$60, Q = \b_mem[246]).
Adding EN signal on $memory\b_mem[245]$4240 ($dff) from module matmul_16x16 (D = $0$memwr$\b_mem$rtl/matmul_16x16.sv:136$55_DATA[7:0]$60, Q = \b_mem[245]).
Adding EN signal on $memory\b_mem[244]$4238 ($dff) from module matmul_16x16 (D = $0$memwr$\b_mem$rtl/matmul_16x16.sv:136$55_DATA[7:0]$60, Q = \b_mem[244]).
Adding EN signal on $memory\b_mem[243]$4236 ($dff) from module matmul_16x16 (D = $0$memwr$\b_mem$rtl/matmul_16x16.sv:136$55_DATA[7:0]$60, Q = \b_mem[243]).
Adding EN signal on $memory\b_mem[242]$4234 ($dff) from module matmul_16x16 (D = $0$memwr$\b_mem$rtl/matmul_16x16.sv:136$55_DATA[7:0]$60, Q = \b_mem[242]).
Adding EN signal on $memory\b_mem[241]$4232 ($dff) from module matmul_16x16 (D = $0$memwr$\b_mem$rtl/matmul_16x16.sv:136$55_DATA[7:0]$60, Q = \b_mem[241]).
Adding EN signal on $memory\b_mem[240]$4230 ($dff) from module matmul_16x16 (D = $0$memwr$\b_mem$rtl/matmul_16x16.sv:136$55_DATA[7:0]$60, Q = \b_mem[240]).
Adding EN signal on $memory\b_mem[23]$3796 ($dff) from module matmul_16x16 (D = $0$memwr$\b_mem$rtl/matmul_16x16.sv:136$55_DATA[7:0]$60, Q = \b_mem[23]).
Adding EN signal on $memory\b_mem[239]$4228 ($dff) from module matmul_16x16 (D = $0$memwr$\b_mem$rtl/matmul_16x16.sv:136$55_DATA[7:0]$60, Q = \b_mem[239]).
Adding EN signal on $memory\b_mem[238]$4226 ($dff) from module matmul_16x16 (D = $0$memwr$\b_mem$rtl/matmul_16x16.sv:136$55_DATA[7:0]$60, Q = \b_mem[238]).
Adding EN signal on $memory\b_mem[237]$4224 ($dff) from module matmul_16x16 (D = $0$memwr$\b_mem$rtl/matmul_16x16.sv:136$55_DATA[7:0]$60, Q = \b_mem[237]).
Adding EN signal on $memory\b_mem[236]$4222 ($dff) from module matmul_16x16 (D = $0$memwr$\b_mem$rtl/matmul_16x16.sv:136$55_DATA[7:0]$60, Q = \b_mem[236]).
Adding EN signal on $memory\b_mem[235]$4220 ($dff) from module matmul_16x16 (D = $0$memwr$\b_mem$rtl/matmul_16x16.sv:136$55_DATA[7:0]$60, Q = \b_mem[235]).
Adding EN signal on $memory\b_mem[234]$4218 ($dff) from module matmul_16x16 (D = $0$memwr$\b_mem$rtl/matmul_16x16.sv:136$55_DATA[7:0]$60, Q = \b_mem[234]).
Adding EN signal on $memory\b_mem[233]$4216 ($dff) from module matmul_16x16 (D = $0$memwr$\b_mem$rtl/matmul_16x16.sv:136$55_DATA[7:0]$60, Q = \b_mem[233]).
Adding EN signal on $memory\b_mem[232]$4214 ($dff) from module matmul_16x16 (D = $0$memwr$\b_mem$rtl/matmul_16x16.sv:136$55_DATA[7:0]$60, Q = \b_mem[232]).
Adding EN signal on $memory\b_mem[231]$4212 ($dff) from module matmul_16x16 (D = $0$memwr$\b_mem$rtl/matmul_16x16.sv:136$55_DATA[7:0]$60, Q = \b_mem[231]).
Adding EN signal on $memory\b_mem[230]$4210 ($dff) from module matmul_16x16 (D = $0$memwr$\b_mem$rtl/matmul_16x16.sv:136$55_DATA[7:0]$60, Q = \b_mem[230]).
Adding EN signal on $memory\b_mem[22]$3794 ($dff) from module matmul_16x16 (D = $0$memwr$\b_mem$rtl/matmul_16x16.sv:136$55_DATA[7:0]$60, Q = \b_mem[22]).
Adding EN signal on $memory\b_mem[229]$4208 ($dff) from module matmul_16x16 (D = $0$memwr$\b_mem$rtl/matmul_16x16.sv:136$55_DATA[7:0]$60, Q = \b_mem[229]).
Adding EN signal on $memory\b_mem[228]$4206 ($dff) from module matmul_16x16 (D = $0$memwr$\b_mem$rtl/matmul_16x16.sv:136$55_DATA[7:0]$60, Q = \b_mem[228]).
Adding EN signal on $memory\b_mem[227]$4204 ($dff) from module matmul_16x16 (D = $0$memwr$\b_mem$rtl/matmul_16x16.sv:136$55_DATA[7:0]$60, Q = \b_mem[227]).
Adding EN signal on $memory\b_mem[226]$4202 ($dff) from module matmul_16x16 (D = $0$memwr$\b_mem$rtl/matmul_16x16.sv:136$55_DATA[7:0]$60, Q = \b_mem[226]).
Adding EN signal on $memory\b_mem[225]$4200 ($dff) from module matmul_16x16 (D = $0$memwr$\b_mem$rtl/matmul_16x16.sv:136$55_DATA[7:0]$60, Q = \b_mem[225]).
Adding EN signal on $memory\b_mem[224]$4198 ($dff) from module matmul_16x16 (D = $0$memwr$\b_mem$rtl/matmul_16x16.sv:136$55_DATA[7:0]$60, Q = \b_mem[224]).
Adding EN signal on $memory\b_mem[223]$4196 ($dff) from module matmul_16x16 (D = $0$memwr$\b_mem$rtl/matmul_16x16.sv:136$55_DATA[7:0]$60, Q = \b_mem[223]).
Adding EN signal on $memory\b_mem[222]$4194 ($dff) from module matmul_16x16 (D = $0$memwr$\b_mem$rtl/matmul_16x16.sv:136$55_DATA[7:0]$60, Q = \b_mem[222]).
Adding EN signal on $memory\b_mem[221]$4192 ($dff) from module matmul_16x16 (D = $0$memwr$\b_mem$rtl/matmul_16x16.sv:136$55_DATA[7:0]$60, Q = \b_mem[221]).
Adding EN signal on $memory\b_mem[220]$4190 ($dff) from module matmul_16x16 (D = $0$memwr$\b_mem$rtl/matmul_16x16.sv:136$55_DATA[7:0]$60, Q = \b_mem[220]).
Adding EN signal on $memory\b_mem[21]$3792 ($dff) from module matmul_16x16 (D = $0$memwr$\b_mem$rtl/matmul_16x16.sv:136$55_DATA[7:0]$60, Q = \b_mem[21]).
Adding EN signal on $memory\b_mem[219]$4188 ($dff) from module matmul_16x16 (D = $0$memwr$\b_mem$rtl/matmul_16x16.sv:136$55_DATA[7:0]$60, Q = \b_mem[219]).
Adding EN signal on $memory\b_mem[218]$4186 ($dff) from module matmul_16x16 (D = $0$memwr$\b_mem$rtl/matmul_16x16.sv:136$55_DATA[7:0]$60, Q = \b_mem[218]).
Adding EN signal on $memory\b_mem[217]$4184 ($dff) from module matmul_16x16 (D = $0$memwr$\b_mem$rtl/matmul_16x16.sv:136$55_DATA[7:0]$60, Q = \b_mem[217]).
Adding EN signal on $memory\b_mem[216]$4182 ($dff) from module matmul_16x16 (D = $0$memwr$\b_mem$rtl/matmul_16x16.sv:136$55_DATA[7:0]$60, Q = \b_mem[216]).
Adding EN signal on $memory\b_mem[215]$4180 ($dff) from module matmul_16x16 (D = $0$memwr$\b_mem$rtl/matmul_16x16.sv:136$55_DATA[7:0]$60, Q = \b_mem[215]).
Adding EN signal on $memory\b_mem[214]$4178 ($dff) from module matmul_16x16 (D = $0$memwr$\b_mem$rtl/matmul_16x16.sv:136$55_DATA[7:0]$60, Q = \b_mem[214]).
Adding EN signal on $memory\b_mem[213]$4176 ($dff) from module matmul_16x16 (D = $0$memwr$\b_mem$rtl/matmul_16x16.sv:136$55_DATA[7:0]$60, Q = \b_mem[213]).
Adding EN signal on $memory\b_mem[212]$4174 ($dff) from module matmul_16x16 (D = $0$memwr$\b_mem$rtl/matmul_16x16.sv:136$55_DATA[7:0]$60, Q = \b_mem[212]).
Adding EN signal on $memory\b_mem[211]$4172 ($dff) from module matmul_16x16 (D = $0$memwr$\b_mem$rtl/matmul_16x16.sv:136$55_DATA[7:0]$60, Q = \b_mem[211]).
Adding EN signal on $memory\b_mem[210]$4170 ($dff) from module matmul_16x16 (D = $0$memwr$\b_mem$rtl/matmul_16x16.sv:136$55_DATA[7:0]$60, Q = \b_mem[210]).
Adding EN signal on $memory\b_mem[20]$3790 ($dff) from module matmul_16x16 (D = $0$memwr$\b_mem$rtl/matmul_16x16.sv:136$55_DATA[7:0]$60, Q = \b_mem[20]).
Adding EN signal on $memory\b_mem[209]$4168 ($dff) from module matmul_16x16 (D = $0$memwr$\b_mem$rtl/matmul_16x16.sv:136$55_DATA[7:0]$60, Q = \b_mem[209]).
Adding EN signal on $memory\b_mem[208]$4166 ($dff) from module matmul_16x16 (D = $0$memwr$\b_mem$rtl/matmul_16x16.sv:136$55_DATA[7:0]$60, Q = \b_mem[208]).
Adding EN signal on $memory\b_mem[207]$4164 ($dff) from module matmul_16x16 (D = $0$memwr$\b_mem$rtl/matmul_16x16.sv:136$55_DATA[7:0]$60, Q = \b_mem[207]).
Adding EN signal on $memory\b_mem[206]$4162 ($dff) from module matmul_16x16 (D = $0$memwr$\b_mem$rtl/matmul_16x16.sv:136$55_DATA[7:0]$60, Q = \b_mem[206]).
Adding EN signal on $memory\b_mem[205]$4160 ($dff) from module matmul_16x16 (D = $0$memwr$\b_mem$rtl/matmul_16x16.sv:136$55_DATA[7:0]$60, Q = \b_mem[205]).
Adding EN signal on $memory\b_mem[204]$4158 ($dff) from module matmul_16x16 (D = $0$memwr$\b_mem$rtl/matmul_16x16.sv:136$55_DATA[7:0]$60, Q = \b_mem[204]).
Adding EN signal on $memory\b_mem[203]$4156 ($dff) from module matmul_16x16 (D = $0$memwr$\b_mem$rtl/matmul_16x16.sv:136$55_DATA[7:0]$60, Q = \b_mem[203]).
Adding EN signal on $memory\b_mem[202]$4154 ($dff) from module matmul_16x16 (D = $0$memwr$\b_mem$rtl/matmul_16x16.sv:136$55_DATA[7:0]$60, Q = \b_mem[202]).
Adding EN signal on $memory\b_mem[201]$4152 ($dff) from module matmul_16x16 (D = $0$memwr$\b_mem$rtl/matmul_16x16.sv:136$55_DATA[7:0]$60, Q = \b_mem[201]).
Adding EN signal on $memory\b_mem[200]$4150 ($dff) from module matmul_16x16 (D = $0$memwr$\b_mem$rtl/matmul_16x16.sv:136$55_DATA[7:0]$60, Q = \b_mem[200]).
Adding EN signal on $memory\b_mem[1]$3752 ($dff) from module matmul_16x16 (D = $0$memwr$\b_mem$rtl/matmul_16x16.sv:136$55_DATA[7:0]$60, Q = \b_mem[1]).
Adding EN signal on $memory\b_mem[19]$3788 ($dff) from module matmul_16x16 (D = $0$memwr$\b_mem$rtl/matmul_16x16.sv:136$55_DATA[7:0]$60, Q = \b_mem[19]).
Adding EN signal on $memory\b_mem[199]$4148 ($dff) from module matmul_16x16 (D = $0$memwr$\b_mem$rtl/matmul_16x16.sv:136$55_DATA[7:0]$60, Q = \b_mem[199]).
Adding EN signal on $memory\b_mem[198]$4146 ($dff) from module matmul_16x16 (D = $0$memwr$\b_mem$rtl/matmul_16x16.sv:136$55_DATA[7:0]$60, Q = \b_mem[198]).
Adding EN signal on $memory\b_mem[197]$4144 ($dff) from module matmul_16x16 (D = $0$memwr$\b_mem$rtl/matmul_16x16.sv:136$55_DATA[7:0]$60, Q = \b_mem[197]).
Adding EN signal on $memory\b_mem[196]$4142 ($dff) from module matmul_16x16 (D = $0$memwr$\b_mem$rtl/matmul_16x16.sv:136$55_DATA[7:0]$60, Q = \b_mem[196]).
Adding EN signal on $memory\b_mem[195]$4140 ($dff) from module matmul_16x16 (D = $0$memwr$\b_mem$rtl/matmul_16x16.sv:136$55_DATA[7:0]$60, Q = \b_mem[195]).
Adding EN signal on $memory\b_mem[194]$4138 ($dff) from module matmul_16x16 (D = $0$memwr$\b_mem$rtl/matmul_16x16.sv:136$55_DATA[7:0]$60, Q = \b_mem[194]).
Adding EN signal on $memory\b_mem[193]$4136 ($dff) from module matmul_16x16 (D = $0$memwr$\b_mem$rtl/matmul_16x16.sv:136$55_DATA[7:0]$60, Q = \b_mem[193]).
Adding EN signal on $memory\b_mem[192]$4134 ($dff) from module matmul_16x16 (D = $0$memwr$\b_mem$rtl/matmul_16x16.sv:136$55_DATA[7:0]$60, Q = \b_mem[192]).
Adding EN signal on $memory\b_mem[191]$4132 ($dff) from module matmul_16x16 (D = $0$memwr$\b_mem$rtl/matmul_16x16.sv:136$55_DATA[7:0]$60, Q = \b_mem[191]).
Adding EN signal on $memory\b_mem[190]$4130 ($dff) from module matmul_16x16 (D = $0$memwr$\b_mem$rtl/matmul_16x16.sv:136$55_DATA[7:0]$60, Q = \b_mem[190]).
Adding EN signal on $memory\b_mem[18]$3786 ($dff) from module matmul_16x16 (D = $0$memwr$\b_mem$rtl/matmul_16x16.sv:136$55_DATA[7:0]$60, Q = \b_mem[18]).
Adding EN signal on $memory\b_mem[189]$4128 ($dff) from module matmul_16x16 (D = $0$memwr$\b_mem$rtl/matmul_16x16.sv:136$55_DATA[7:0]$60, Q = \b_mem[189]).
Adding EN signal on $memory\b_mem[188]$4126 ($dff) from module matmul_16x16 (D = $0$memwr$\b_mem$rtl/matmul_16x16.sv:136$55_DATA[7:0]$60, Q = \b_mem[188]).
Adding EN signal on $memory\b_mem[187]$4124 ($dff) from module matmul_16x16 (D = $0$memwr$\b_mem$rtl/matmul_16x16.sv:136$55_DATA[7:0]$60, Q = \b_mem[187]).
Adding EN signal on $memory\b_mem[186]$4122 ($dff) from module matmul_16x16 (D = $0$memwr$\b_mem$rtl/matmul_16x16.sv:136$55_DATA[7:0]$60, Q = \b_mem[186]).
Adding EN signal on $memory\b_mem[185]$4120 ($dff) from module matmul_16x16 (D = $0$memwr$\b_mem$rtl/matmul_16x16.sv:136$55_DATA[7:0]$60, Q = \b_mem[185]).
Adding EN signal on $memory\b_mem[184]$4118 ($dff) from module matmul_16x16 (D = $0$memwr$\b_mem$rtl/matmul_16x16.sv:136$55_DATA[7:0]$60, Q = \b_mem[184]).
Adding EN signal on $memory\b_mem[183]$4116 ($dff) from module matmul_16x16 (D = $0$memwr$\b_mem$rtl/matmul_16x16.sv:136$55_DATA[7:0]$60, Q = \b_mem[183]).
Adding EN signal on $memory\b_mem[182]$4114 ($dff) from module matmul_16x16 (D = $0$memwr$\b_mem$rtl/matmul_16x16.sv:136$55_DATA[7:0]$60, Q = \b_mem[182]).
Adding EN signal on $memory\b_mem[181]$4112 ($dff) from module matmul_16x16 (D = $0$memwr$\b_mem$rtl/matmul_16x16.sv:136$55_DATA[7:0]$60, Q = \b_mem[181]).
Adding EN signal on $memory\b_mem[180]$4110 ($dff) from module matmul_16x16 (D = $0$memwr$\b_mem$rtl/matmul_16x16.sv:136$55_DATA[7:0]$60, Q = \b_mem[180]).
Adding EN signal on $memory\b_mem[17]$3784 ($dff) from module matmul_16x16 (D = $0$memwr$\b_mem$rtl/matmul_16x16.sv:136$55_DATA[7:0]$60, Q = \b_mem[17]).
Adding EN signal on $memory\b_mem[179]$4108 ($dff) from module matmul_16x16 (D = $0$memwr$\b_mem$rtl/matmul_16x16.sv:136$55_DATA[7:0]$60, Q = \b_mem[179]).
Adding EN signal on $memory\b_mem[178]$4106 ($dff) from module matmul_16x16 (D = $0$memwr$\b_mem$rtl/matmul_16x16.sv:136$55_DATA[7:0]$60, Q = \b_mem[178]).
Adding EN signal on $memory\b_mem[177]$4104 ($dff) from module matmul_16x16 (D = $0$memwr$\b_mem$rtl/matmul_16x16.sv:136$55_DATA[7:0]$60, Q = \b_mem[177]).
Adding EN signal on $memory\b_mem[176]$4102 ($dff) from module matmul_16x16 (D = $0$memwr$\b_mem$rtl/matmul_16x16.sv:136$55_DATA[7:0]$60, Q = \b_mem[176]).
Adding EN signal on $memory\b_mem[175]$4100 ($dff) from module matmul_16x16 (D = $0$memwr$\b_mem$rtl/matmul_16x16.sv:136$55_DATA[7:0]$60, Q = \b_mem[175]).
Adding EN signal on $memory\b_mem[174]$4098 ($dff) from module matmul_16x16 (D = $0$memwr$\b_mem$rtl/matmul_16x16.sv:136$55_DATA[7:0]$60, Q = \b_mem[174]).
Adding EN signal on $memory\b_mem[173]$4096 ($dff) from module matmul_16x16 (D = $0$memwr$\b_mem$rtl/matmul_16x16.sv:136$55_DATA[7:0]$60, Q = \b_mem[173]).
Adding EN signal on $memory\b_mem[172]$4094 ($dff) from module matmul_16x16 (D = $0$memwr$\b_mem$rtl/matmul_16x16.sv:136$55_DATA[7:0]$60, Q = \b_mem[172]).
Adding EN signal on $memory\b_mem[171]$4092 ($dff) from module matmul_16x16 (D = $0$memwr$\b_mem$rtl/matmul_16x16.sv:136$55_DATA[7:0]$60, Q = \b_mem[171]).
Adding EN signal on $memory\b_mem[170]$4090 ($dff) from module matmul_16x16 (D = $0$memwr$\b_mem$rtl/matmul_16x16.sv:136$55_DATA[7:0]$60, Q = \b_mem[170]).
Adding EN signal on $memory\b_mem[16]$3782 ($dff) from module matmul_16x16 (D = $0$memwr$\b_mem$rtl/matmul_16x16.sv:136$55_DATA[7:0]$60, Q = \b_mem[16]).
Adding EN signal on $memory\b_mem[169]$4088 ($dff) from module matmul_16x16 (D = $0$memwr$\b_mem$rtl/matmul_16x16.sv:136$55_DATA[7:0]$60, Q = \b_mem[169]).
Adding EN signal on $memory\b_mem[168]$4086 ($dff) from module matmul_16x16 (D = $0$memwr$\b_mem$rtl/matmul_16x16.sv:136$55_DATA[7:0]$60, Q = \b_mem[168]).
Adding EN signal on $memory\b_mem[167]$4084 ($dff) from module matmul_16x16 (D = $0$memwr$\b_mem$rtl/matmul_16x16.sv:136$55_DATA[7:0]$60, Q = \b_mem[167]).
Adding EN signal on $memory\b_mem[166]$4082 ($dff) from module matmul_16x16 (D = $0$memwr$\b_mem$rtl/matmul_16x16.sv:136$55_DATA[7:0]$60, Q = \b_mem[166]).
Adding EN signal on $memory\b_mem[165]$4080 ($dff) from module matmul_16x16 (D = $0$memwr$\b_mem$rtl/matmul_16x16.sv:136$55_DATA[7:0]$60, Q = \b_mem[165]).
Adding EN signal on $memory\b_mem[164]$4078 ($dff) from module matmul_16x16 (D = $0$memwr$\b_mem$rtl/matmul_16x16.sv:136$55_DATA[7:0]$60, Q = \b_mem[164]).
Adding EN signal on $memory\b_mem[163]$4076 ($dff) from module matmul_16x16 (D = $0$memwr$\b_mem$rtl/matmul_16x16.sv:136$55_DATA[7:0]$60, Q = \b_mem[163]).
Adding EN signal on $memory\b_mem[162]$4074 ($dff) from module matmul_16x16 (D = $0$memwr$\b_mem$rtl/matmul_16x16.sv:136$55_DATA[7:0]$60, Q = \b_mem[162]).
Adding EN signal on $memory\b_mem[161]$4072 ($dff) from module matmul_16x16 (D = $0$memwr$\b_mem$rtl/matmul_16x16.sv:136$55_DATA[7:0]$60, Q = \b_mem[161]).
Adding EN signal on $memory\b_mem[160]$4070 ($dff) from module matmul_16x16 (D = $0$memwr$\b_mem$rtl/matmul_16x16.sv:136$55_DATA[7:0]$60, Q = \b_mem[160]).
Adding EN signal on $memory\b_mem[15]$3780 ($dff) from module matmul_16x16 (D = $0$memwr$\b_mem$rtl/matmul_16x16.sv:136$55_DATA[7:0]$60, Q = \b_mem[15]).
Adding EN signal on $memory\b_mem[159]$4068 ($dff) from module matmul_16x16 (D = $0$memwr$\b_mem$rtl/matmul_16x16.sv:136$55_DATA[7:0]$60, Q = \b_mem[159]).
Adding EN signal on $memory\b_mem[158]$4066 ($dff) from module matmul_16x16 (D = $0$memwr$\b_mem$rtl/matmul_16x16.sv:136$55_DATA[7:0]$60, Q = \b_mem[158]).
Adding EN signal on $memory\b_mem[157]$4064 ($dff) from module matmul_16x16 (D = $0$memwr$\b_mem$rtl/matmul_16x16.sv:136$55_DATA[7:0]$60, Q = \b_mem[157]).
Adding EN signal on $memory\b_mem[156]$4062 ($dff) from module matmul_16x16 (D = $0$memwr$\b_mem$rtl/matmul_16x16.sv:136$55_DATA[7:0]$60, Q = \b_mem[156]).
Adding EN signal on $memory\b_mem[155]$4060 ($dff) from module matmul_16x16 (D = $0$memwr$\b_mem$rtl/matmul_16x16.sv:136$55_DATA[7:0]$60, Q = \b_mem[155]).
Adding EN signal on $memory\b_mem[154]$4058 ($dff) from module matmul_16x16 (D = $0$memwr$\b_mem$rtl/matmul_16x16.sv:136$55_DATA[7:0]$60, Q = \b_mem[154]).
Adding EN signal on $memory\b_mem[153]$4056 ($dff) from module matmul_16x16 (D = $0$memwr$\b_mem$rtl/matmul_16x16.sv:136$55_DATA[7:0]$60, Q = \b_mem[153]).
Adding EN signal on $memory\b_mem[152]$4054 ($dff) from module matmul_16x16 (D = $0$memwr$\b_mem$rtl/matmul_16x16.sv:136$55_DATA[7:0]$60, Q = \b_mem[152]).
Adding EN signal on $memory\b_mem[151]$4052 ($dff) from module matmul_16x16 (D = $0$memwr$\b_mem$rtl/matmul_16x16.sv:136$55_DATA[7:0]$60, Q = \b_mem[151]).
Adding EN signal on $memory\b_mem[150]$4050 ($dff) from module matmul_16x16 (D = $0$memwr$\b_mem$rtl/matmul_16x16.sv:136$55_DATA[7:0]$60, Q = \b_mem[150]).
Adding EN signal on $memory\b_mem[14]$3778 ($dff) from module matmul_16x16 (D = $0$memwr$\b_mem$rtl/matmul_16x16.sv:136$55_DATA[7:0]$60, Q = \b_mem[14]).
Adding EN signal on $memory\b_mem[149]$4048 ($dff) from module matmul_16x16 (D = $0$memwr$\b_mem$rtl/matmul_16x16.sv:136$55_DATA[7:0]$60, Q = \b_mem[149]).
Adding EN signal on $memory\b_mem[148]$4046 ($dff) from module matmul_16x16 (D = $0$memwr$\b_mem$rtl/matmul_16x16.sv:136$55_DATA[7:0]$60, Q = \b_mem[148]).
Adding EN signal on $memory\b_mem[147]$4044 ($dff) from module matmul_16x16 (D = $0$memwr$\b_mem$rtl/matmul_16x16.sv:136$55_DATA[7:0]$60, Q = \b_mem[147]).
Adding EN signal on $memory\b_mem[146]$4042 ($dff) from module matmul_16x16 (D = $0$memwr$\b_mem$rtl/matmul_16x16.sv:136$55_DATA[7:0]$60, Q = \b_mem[146]).
Adding EN signal on $memory\b_mem[145]$4040 ($dff) from module matmul_16x16 (D = $0$memwr$\b_mem$rtl/matmul_16x16.sv:136$55_DATA[7:0]$60, Q = \b_mem[145]).
Adding EN signal on $memory\b_mem[144]$4038 ($dff) from module matmul_16x16 (D = $0$memwr$\b_mem$rtl/matmul_16x16.sv:136$55_DATA[7:0]$60, Q = \b_mem[144]).
Adding EN signal on $memory\b_mem[143]$4036 ($dff) from module matmul_16x16 (D = $0$memwr$\b_mem$rtl/matmul_16x16.sv:136$55_DATA[7:0]$60, Q = \b_mem[143]).
Adding EN signal on $memory\b_mem[142]$4034 ($dff) from module matmul_16x16 (D = $0$memwr$\b_mem$rtl/matmul_16x16.sv:136$55_DATA[7:0]$60, Q = \b_mem[142]).
Adding EN signal on $memory\b_mem[141]$4032 ($dff) from module matmul_16x16 (D = $0$memwr$\b_mem$rtl/matmul_16x16.sv:136$55_DATA[7:0]$60, Q = \b_mem[141]).
Adding EN signal on $memory\b_mem[140]$4030 ($dff) from module matmul_16x16 (D = $0$memwr$\b_mem$rtl/matmul_16x16.sv:136$55_DATA[7:0]$60, Q = \b_mem[140]).
Adding EN signal on $memory\b_mem[13]$3776 ($dff) from module matmul_16x16 (D = $0$memwr$\b_mem$rtl/matmul_16x16.sv:136$55_DATA[7:0]$60, Q = \b_mem[13]).
Adding EN signal on $memory\b_mem[139]$4028 ($dff) from module matmul_16x16 (D = $0$memwr$\b_mem$rtl/matmul_16x16.sv:136$55_DATA[7:0]$60, Q = \b_mem[139]).
Adding EN signal on $memory\b_mem[138]$4026 ($dff) from module matmul_16x16 (D = $0$memwr$\b_mem$rtl/matmul_16x16.sv:136$55_DATA[7:0]$60, Q = \b_mem[138]).
Adding EN signal on $memory\b_mem[137]$4024 ($dff) from module matmul_16x16 (D = $0$memwr$\b_mem$rtl/matmul_16x16.sv:136$55_DATA[7:0]$60, Q = \b_mem[137]).
Adding EN signal on $memory\b_mem[136]$4022 ($dff) from module matmul_16x16 (D = $0$memwr$\b_mem$rtl/matmul_16x16.sv:136$55_DATA[7:0]$60, Q = \b_mem[136]).
Adding EN signal on $memory\b_mem[135]$4020 ($dff) from module matmul_16x16 (D = $0$memwr$\b_mem$rtl/matmul_16x16.sv:136$55_DATA[7:0]$60, Q = \b_mem[135]).
Adding EN signal on $memory\b_mem[134]$4018 ($dff) from module matmul_16x16 (D = $0$memwr$\b_mem$rtl/matmul_16x16.sv:136$55_DATA[7:0]$60, Q = \b_mem[134]).
Adding EN signal on $memory\b_mem[133]$4016 ($dff) from module matmul_16x16 (D = $0$memwr$\b_mem$rtl/matmul_16x16.sv:136$55_DATA[7:0]$60, Q = \b_mem[133]).
Adding EN signal on $memory\b_mem[132]$4014 ($dff) from module matmul_16x16 (D = $0$memwr$\b_mem$rtl/matmul_16x16.sv:136$55_DATA[7:0]$60, Q = \b_mem[132]).
Adding EN signal on $memory\b_mem[131]$4012 ($dff) from module matmul_16x16 (D = $0$memwr$\b_mem$rtl/matmul_16x16.sv:136$55_DATA[7:0]$60, Q = \b_mem[131]).
Adding EN signal on $memory\b_mem[130]$4010 ($dff) from module matmul_16x16 (D = $0$memwr$\b_mem$rtl/matmul_16x16.sv:136$55_DATA[7:0]$60, Q = \b_mem[130]).
Adding EN signal on $memory\b_mem[12]$3774 ($dff) from module matmul_16x16 (D = $0$memwr$\b_mem$rtl/matmul_16x16.sv:136$55_DATA[7:0]$60, Q = \b_mem[12]).
Adding EN signal on $memory\b_mem[129]$4008 ($dff) from module matmul_16x16 (D = $0$memwr$\b_mem$rtl/matmul_16x16.sv:136$55_DATA[7:0]$60, Q = \b_mem[129]).
Adding EN signal on $memory\b_mem[128]$4006 ($dff) from module matmul_16x16 (D = $0$memwr$\b_mem$rtl/matmul_16x16.sv:136$55_DATA[7:0]$60, Q = \b_mem[128]).
Adding EN signal on $memory\b_mem[127]$4004 ($dff) from module matmul_16x16 (D = $0$memwr$\b_mem$rtl/matmul_16x16.sv:136$55_DATA[7:0]$60, Q = \b_mem[127]).
Adding EN signal on $memory\b_mem[126]$4002 ($dff) from module matmul_16x16 (D = $0$memwr$\b_mem$rtl/matmul_16x16.sv:136$55_DATA[7:0]$60, Q = \b_mem[126]).
Adding EN signal on $memory\b_mem[125]$4000 ($dff) from module matmul_16x16 (D = $0$memwr$\b_mem$rtl/matmul_16x16.sv:136$55_DATA[7:0]$60, Q = \b_mem[125]).
Adding EN signal on $memory\b_mem[124]$3998 ($dff) from module matmul_16x16 (D = $0$memwr$\b_mem$rtl/matmul_16x16.sv:136$55_DATA[7:0]$60, Q = \b_mem[124]).
Adding EN signal on $memory\b_mem[123]$3996 ($dff) from module matmul_16x16 (D = $0$memwr$\b_mem$rtl/matmul_16x16.sv:136$55_DATA[7:0]$60, Q = \b_mem[123]).
Adding EN signal on $memory\b_mem[122]$3994 ($dff) from module matmul_16x16 (D = $0$memwr$\b_mem$rtl/matmul_16x16.sv:136$55_DATA[7:0]$60, Q = \b_mem[122]).
Adding EN signal on $memory\b_mem[121]$3992 ($dff) from module matmul_16x16 (D = $0$memwr$\b_mem$rtl/matmul_16x16.sv:136$55_DATA[7:0]$60, Q = \b_mem[121]).
Adding EN signal on $memory\b_mem[120]$3990 ($dff) from module matmul_16x16 (D = $0$memwr$\b_mem$rtl/matmul_16x16.sv:136$55_DATA[7:0]$60, Q = \b_mem[120]).
Adding EN signal on $memory\b_mem[11]$3772 ($dff) from module matmul_16x16 (D = $0$memwr$\b_mem$rtl/matmul_16x16.sv:136$55_DATA[7:0]$60, Q = \b_mem[11]).
Adding EN signal on $memory\b_mem[119]$3988 ($dff) from module matmul_16x16 (D = $0$memwr$\b_mem$rtl/matmul_16x16.sv:136$55_DATA[7:0]$60, Q = \b_mem[119]).
Adding EN signal on $memory\b_mem[118]$3986 ($dff) from module matmul_16x16 (D = $0$memwr$\b_mem$rtl/matmul_16x16.sv:136$55_DATA[7:0]$60, Q = \b_mem[118]).
Adding EN signal on $memory\b_mem[117]$3984 ($dff) from module matmul_16x16 (D = $0$memwr$\b_mem$rtl/matmul_16x16.sv:136$55_DATA[7:0]$60, Q = \b_mem[117]).
Adding EN signal on $memory\b_mem[116]$3982 ($dff) from module matmul_16x16 (D = $0$memwr$\b_mem$rtl/matmul_16x16.sv:136$55_DATA[7:0]$60, Q = \b_mem[116]).
Adding EN signal on $memory\b_mem[115]$3980 ($dff) from module matmul_16x16 (D = $0$memwr$\b_mem$rtl/matmul_16x16.sv:136$55_DATA[7:0]$60, Q = \b_mem[115]).
Adding EN signal on $memory\b_mem[114]$3978 ($dff) from module matmul_16x16 (D = $0$memwr$\b_mem$rtl/matmul_16x16.sv:136$55_DATA[7:0]$60, Q = \b_mem[114]).
Adding EN signal on $memory\b_mem[113]$3976 ($dff) from module matmul_16x16 (D = $0$memwr$\b_mem$rtl/matmul_16x16.sv:136$55_DATA[7:0]$60, Q = \b_mem[113]).
Adding EN signal on $memory\b_mem[112]$3974 ($dff) from module matmul_16x16 (D = $0$memwr$\b_mem$rtl/matmul_16x16.sv:136$55_DATA[7:0]$60, Q = \b_mem[112]).
Adding EN signal on $memory\b_mem[111]$3972 ($dff) from module matmul_16x16 (D = $0$memwr$\b_mem$rtl/matmul_16x16.sv:136$55_DATA[7:0]$60, Q = \b_mem[111]).
Adding EN signal on $memory\b_mem[110]$3970 ($dff) from module matmul_16x16 (D = $0$memwr$\b_mem$rtl/matmul_16x16.sv:136$55_DATA[7:0]$60, Q = \b_mem[110]).
Adding EN signal on $memory\b_mem[10]$3770 ($dff) from module matmul_16x16 (D = $0$memwr$\b_mem$rtl/matmul_16x16.sv:136$55_DATA[7:0]$60, Q = \b_mem[10]).
Adding EN signal on $memory\b_mem[109]$3968 ($dff) from module matmul_16x16 (D = $0$memwr$\b_mem$rtl/matmul_16x16.sv:136$55_DATA[7:0]$60, Q = \b_mem[109]).
Adding EN signal on $memory\b_mem[108]$3966 ($dff) from module matmul_16x16 (D = $0$memwr$\b_mem$rtl/matmul_16x16.sv:136$55_DATA[7:0]$60, Q = \b_mem[108]).
Adding EN signal on $memory\b_mem[107]$3964 ($dff) from module matmul_16x16 (D = $0$memwr$\b_mem$rtl/matmul_16x16.sv:136$55_DATA[7:0]$60, Q = \b_mem[107]).
Adding EN signal on $memory\b_mem[106]$3962 ($dff) from module matmul_16x16 (D = $0$memwr$\b_mem$rtl/matmul_16x16.sv:136$55_DATA[7:0]$60, Q = \b_mem[106]).
Adding EN signal on $memory\b_mem[105]$3960 ($dff) from module matmul_16x16 (D = $0$memwr$\b_mem$rtl/matmul_16x16.sv:136$55_DATA[7:0]$60, Q = \b_mem[105]).
Adding EN signal on $memory\b_mem[104]$3958 ($dff) from module matmul_16x16 (D = $0$memwr$\b_mem$rtl/matmul_16x16.sv:136$55_DATA[7:0]$60, Q = \b_mem[104]).
Adding EN signal on $memory\b_mem[103]$3956 ($dff) from module matmul_16x16 (D = $0$memwr$\b_mem$rtl/matmul_16x16.sv:136$55_DATA[7:0]$60, Q = \b_mem[103]).
Adding EN signal on $memory\b_mem[102]$3954 ($dff) from module matmul_16x16 (D = $0$memwr$\b_mem$rtl/matmul_16x16.sv:136$55_DATA[7:0]$60, Q = \b_mem[102]).
Adding EN signal on $memory\b_mem[101]$3952 ($dff) from module matmul_16x16 (D = $0$memwr$\b_mem$rtl/matmul_16x16.sv:136$55_DATA[7:0]$60, Q = \b_mem[101]).
Adding EN signal on $memory\b_mem[100]$3950 ($dff) from module matmul_16x16 (D = $0$memwr$\b_mem$rtl/matmul_16x16.sv:136$55_DATA[7:0]$60, Q = \b_mem[100]).
Adding EN signal on $memory\b_mem[0]$3750 ($dff) from module matmul_16x16 (D = $0$memwr$\b_mem$rtl/matmul_16x16.sv:136$55_DATA[7:0]$60, Q = \b_mem[0]).
Adding EN signal on $memory\a_mem[9]$836 ($dff) from module matmul_16x16 (D = $0$memwr$\a_mem$rtl/matmul_16x16.sv:138$56_DATA[7:0]$63, Q = \a_mem[9]).
Adding EN signal on $memory\a_mem[99]$1016 ($dff) from module matmul_16x16 (D = $0$memwr$\a_mem$rtl/matmul_16x16.sv:138$56_DATA[7:0]$63, Q = \a_mem[99]).
Adding EN signal on $memory\a_mem[98]$1014 ($dff) from module matmul_16x16 (D = $0$memwr$\a_mem$rtl/matmul_16x16.sv:138$56_DATA[7:0]$63, Q = \a_mem[98]).
Adding EN signal on $memory\a_mem[97]$1012 ($dff) from module matmul_16x16 (D = $0$memwr$\a_mem$rtl/matmul_16x16.sv:138$56_DATA[7:0]$63, Q = \a_mem[97]).
Adding EN signal on $memory\a_mem[96]$1010 ($dff) from module matmul_16x16 (D = $0$memwr$\a_mem$rtl/matmul_16x16.sv:138$56_DATA[7:0]$63, Q = \a_mem[96]).
Adding EN signal on $memory\a_mem[95]$1008 ($dff) from module matmul_16x16 (D = $0$memwr$\a_mem$rtl/matmul_16x16.sv:138$56_DATA[7:0]$63, Q = \a_mem[95]).
Adding EN signal on $memory\a_mem[94]$1006 ($dff) from module matmul_16x16 (D = $0$memwr$\a_mem$rtl/matmul_16x16.sv:138$56_DATA[7:0]$63, Q = \a_mem[94]).
Adding EN signal on $memory\a_mem[93]$1004 ($dff) from module matmul_16x16 (D = $0$memwr$\a_mem$rtl/matmul_16x16.sv:138$56_DATA[7:0]$63, Q = \a_mem[93]).
Adding EN signal on $memory\a_mem[92]$1002 ($dff) from module matmul_16x16 (D = $0$memwr$\a_mem$rtl/matmul_16x16.sv:138$56_DATA[7:0]$63, Q = \a_mem[92]).
Adding EN signal on $memory\a_mem[91]$1000 ($dff) from module matmul_16x16 (D = $0$memwr$\a_mem$rtl/matmul_16x16.sv:138$56_DATA[7:0]$63, Q = \a_mem[91]).
Adding EN signal on $memory\a_mem[90]$998 ($dff) from module matmul_16x16 (D = $0$memwr$\a_mem$rtl/matmul_16x16.sv:138$56_DATA[7:0]$63, Q = \a_mem[90]).
Adding EN signal on $memory\a_mem[8]$834 ($dff) from module matmul_16x16 (D = $0$memwr$\a_mem$rtl/matmul_16x16.sv:138$56_DATA[7:0]$63, Q = \a_mem[8]).
Adding EN signal on $memory\a_mem[89]$996 ($dff) from module matmul_16x16 (D = $0$memwr$\a_mem$rtl/matmul_16x16.sv:138$56_DATA[7:0]$63, Q = \a_mem[89]).
Adding EN signal on $memory\a_mem[88]$994 ($dff) from module matmul_16x16 (D = $0$memwr$\a_mem$rtl/matmul_16x16.sv:138$56_DATA[7:0]$63, Q = \a_mem[88]).
Adding EN signal on $memory\a_mem[87]$992 ($dff) from module matmul_16x16 (D = $0$memwr$\a_mem$rtl/matmul_16x16.sv:138$56_DATA[7:0]$63, Q = \a_mem[87]).
Adding EN signal on $memory\a_mem[86]$990 ($dff) from module matmul_16x16 (D = $0$memwr$\a_mem$rtl/matmul_16x16.sv:138$56_DATA[7:0]$63, Q = \a_mem[86]).
Adding EN signal on $memory\a_mem[85]$988 ($dff) from module matmul_16x16 (D = $0$memwr$\a_mem$rtl/matmul_16x16.sv:138$56_DATA[7:0]$63, Q = \a_mem[85]).
Adding EN signal on $memory\a_mem[84]$986 ($dff) from module matmul_16x16 (D = $0$memwr$\a_mem$rtl/matmul_16x16.sv:138$56_DATA[7:0]$63, Q = \a_mem[84]).
Adding EN signal on $memory\a_mem[83]$984 ($dff) from module matmul_16x16 (D = $0$memwr$\a_mem$rtl/matmul_16x16.sv:138$56_DATA[7:0]$63, Q = \a_mem[83]).
Adding EN signal on $memory\a_mem[82]$982 ($dff) from module matmul_16x16 (D = $0$memwr$\a_mem$rtl/matmul_16x16.sv:138$56_DATA[7:0]$63, Q = \a_mem[82]).
Adding EN signal on $memory\a_mem[81]$980 ($dff) from module matmul_16x16 (D = $0$memwr$\a_mem$rtl/matmul_16x16.sv:138$56_DATA[7:0]$63, Q = \a_mem[81]).
Adding EN signal on $memory\a_mem[80]$978 ($dff) from module matmul_16x16 (D = $0$memwr$\a_mem$rtl/matmul_16x16.sv:138$56_DATA[7:0]$63, Q = \a_mem[80]).
Adding EN signal on $memory\a_mem[7]$832 ($dff) from module matmul_16x16 (D = $0$memwr$\a_mem$rtl/matmul_16x16.sv:138$56_DATA[7:0]$63, Q = \a_mem[7]).
Adding EN signal on $memory\a_mem[79]$976 ($dff) from module matmul_16x16 (D = $0$memwr$\a_mem$rtl/matmul_16x16.sv:138$56_DATA[7:0]$63, Q = \a_mem[79]).
Adding EN signal on $memory\a_mem[78]$974 ($dff) from module matmul_16x16 (D = $0$memwr$\a_mem$rtl/matmul_16x16.sv:138$56_DATA[7:0]$63, Q = \a_mem[78]).
Adding EN signal on $memory\a_mem[77]$972 ($dff) from module matmul_16x16 (D = $0$memwr$\a_mem$rtl/matmul_16x16.sv:138$56_DATA[7:0]$63, Q = \a_mem[77]).
Adding EN signal on $memory\a_mem[76]$970 ($dff) from module matmul_16x16 (D = $0$memwr$\a_mem$rtl/matmul_16x16.sv:138$56_DATA[7:0]$63, Q = \a_mem[76]).
Adding EN signal on $memory\a_mem[75]$968 ($dff) from module matmul_16x16 (D = $0$memwr$\a_mem$rtl/matmul_16x16.sv:138$56_DATA[7:0]$63, Q = \a_mem[75]).
Adding EN signal on $memory\a_mem[74]$966 ($dff) from module matmul_16x16 (D = $0$memwr$\a_mem$rtl/matmul_16x16.sv:138$56_DATA[7:0]$63, Q = \a_mem[74]).
Adding EN signal on $memory\a_mem[73]$964 ($dff) from module matmul_16x16 (D = $0$memwr$\a_mem$rtl/matmul_16x16.sv:138$56_DATA[7:0]$63, Q = \a_mem[73]).
Adding EN signal on $memory\a_mem[72]$962 ($dff) from module matmul_16x16 (D = $0$memwr$\a_mem$rtl/matmul_16x16.sv:138$56_DATA[7:0]$63, Q = \a_mem[72]).
Adding EN signal on $memory\a_mem[71]$960 ($dff) from module matmul_16x16 (D = $0$memwr$\a_mem$rtl/matmul_16x16.sv:138$56_DATA[7:0]$63, Q = \a_mem[71]).
Adding EN signal on $memory\a_mem[70]$958 ($dff) from module matmul_16x16 (D = $0$memwr$\a_mem$rtl/matmul_16x16.sv:138$56_DATA[7:0]$63, Q = \a_mem[70]).
Adding EN signal on $memory\a_mem[6]$830 ($dff) from module matmul_16x16 (D = $0$memwr$\a_mem$rtl/matmul_16x16.sv:138$56_DATA[7:0]$63, Q = \a_mem[6]).
Adding EN signal on $memory\a_mem[69]$956 ($dff) from module matmul_16x16 (D = $0$memwr$\a_mem$rtl/matmul_16x16.sv:138$56_DATA[7:0]$63, Q = \a_mem[69]).
Adding EN signal on $memory\a_mem[68]$954 ($dff) from module matmul_16x16 (D = $0$memwr$\a_mem$rtl/matmul_16x16.sv:138$56_DATA[7:0]$63, Q = \a_mem[68]).
Adding EN signal on $memory\a_mem[67]$952 ($dff) from module matmul_16x16 (D = $0$memwr$\a_mem$rtl/matmul_16x16.sv:138$56_DATA[7:0]$63, Q = \a_mem[67]).
Adding EN signal on $memory\a_mem[66]$950 ($dff) from module matmul_16x16 (D = $0$memwr$\a_mem$rtl/matmul_16x16.sv:138$56_DATA[7:0]$63, Q = \a_mem[66]).
Adding EN signal on $memory\a_mem[65]$948 ($dff) from module matmul_16x16 (D = $0$memwr$\a_mem$rtl/matmul_16x16.sv:138$56_DATA[7:0]$63, Q = \a_mem[65]).
Adding EN signal on $memory\a_mem[64]$946 ($dff) from module matmul_16x16 (D = $0$memwr$\a_mem$rtl/matmul_16x16.sv:138$56_DATA[7:0]$63, Q = \a_mem[64]).
Adding EN signal on $memory\a_mem[63]$944 ($dff) from module matmul_16x16 (D = $0$memwr$\a_mem$rtl/matmul_16x16.sv:138$56_DATA[7:0]$63, Q = \a_mem[63]).
Adding EN signal on $memory\a_mem[62]$942 ($dff) from module matmul_16x16 (D = $0$memwr$\a_mem$rtl/matmul_16x16.sv:138$56_DATA[7:0]$63, Q = \a_mem[62]).
Adding EN signal on $memory\a_mem[61]$940 ($dff) from module matmul_16x16 (D = $0$memwr$\a_mem$rtl/matmul_16x16.sv:138$56_DATA[7:0]$63, Q = \a_mem[61]).
Adding EN signal on $memory\a_mem[60]$938 ($dff) from module matmul_16x16 (D = $0$memwr$\a_mem$rtl/matmul_16x16.sv:138$56_DATA[7:0]$63, Q = \a_mem[60]).
Adding EN signal on $memory\a_mem[5]$828 ($dff) from module matmul_16x16 (D = $0$memwr$\a_mem$rtl/matmul_16x16.sv:138$56_DATA[7:0]$63, Q = \a_mem[5]).
Adding EN signal on $memory\a_mem[59]$936 ($dff) from module matmul_16x16 (D = $0$memwr$\a_mem$rtl/matmul_16x16.sv:138$56_DATA[7:0]$63, Q = \a_mem[59]).
Adding EN signal on $memory\a_mem[58]$934 ($dff) from module matmul_16x16 (D = $0$memwr$\a_mem$rtl/matmul_16x16.sv:138$56_DATA[7:0]$63, Q = \a_mem[58]).
Adding EN signal on $memory\a_mem[57]$932 ($dff) from module matmul_16x16 (D = $0$memwr$\a_mem$rtl/matmul_16x16.sv:138$56_DATA[7:0]$63, Q = \a_mem[57]).
Adding EN signal on $memory\a_mem[56]$930 ($dff) from module matmul_16x16 (D = $0$memwr$\a_mem$rtl/matmul_16x16.sv:138$56_DATA[7:0]$63, Q = \a_mem[56]).
Adding EN signal on $memory\a_mem[55]$928 ($dff) from module matmul_16x16 (D = $0$memwr$\a_mem$rtl/matmul_16x16.sv:138$56_DATA[7:0]$63, Q = \a_mem[55]).
Adding EN signal on $memory\a_mem[54]$926 ($dff) from module matmul_16x16 (D = $0$memwr$\a_mem$rtl/matmul_16x16.sv:138$56_DATA[7:0]$63, Q = \a_mem[54]).
Adding EN signal on $memory\a_mem[53]$924 ($dff) from module matmul_16x16 (D = $0$memwr$\a_mem$rtl/matmul_16x16.sv:138$56_DATA[7:0]$63, Q = \a_mem[53]).
Adding EN signal on $memory\a_mem[52]$922 ($dff) from module matmul_16x16 (D = $0$memwr$\a_mem$rtl/matmul_16x16.sv:138$56_DATA[7:0]$63, Q = \a_mem[52]).
Adding EN signal on $memory\a_mem[51]$920 ($dff) from module matmul_16x16 (D = $0$memwr$\a_mem$rtl/matmul_16x16.sv:138$56_DATA[7:0]$63, Q = \a_mem[51]).
Adding EN signal on $memory\a_mem[50]$918 ($dff) from module matmul_16x16 (D = $0$memwr$\a_mem$rtl/matmul_16x16.sv:138$56_DATA[7:0]$63, Q = \a_mem[50]).
Adding EN signal on $memory\a_mem[4]$826 ($dff) from module matmul_16x16 (D = $0$memwr$\a_mem$rtl/matmul_16x16.sv:138$56_DATA[7:0]$63, Q = \a_mem[4]).
Adding EN signal on $memory\a_mem[49]$916 ($dff) from module matmul_16x16 (D = $0$memwr$\a_mem$rtl/matmul_16x16.sv:138$56_DATA[7:0]$63, Q = \a_mem[49]).
Adding EN signal on $memory\a_mem[48]$914 ($dff) from module matmul_16x16 (D = $0$memwr$\a_mem$rtl/matmul_16x16.sv:138$56_DATA[7:0]$63, Q = \a_mem[48]).
Adding EN signal on $memory\a_mem[47]$912 ($dff) from module matmul_16x16 (D = $0$memwr$\a_mem$rtl/matmul_16x16.sv:138$56_DATA[7:0]$63, Q = \a_mem[47]).
Adding EN signal on $memory\a_mem[46]$910 ($dff) from module matmul_16x16 (D = $0$memwr$\a_mem$rtl/matmul_16x16.sv:138$56_DATA[7:0]$63, Q = \a_mem[46]).
Adding EN signal on $memory\a_mem[45]$908 ($dff) from module matmul_16x16 (D = $0$memwr$\a_mem$rtl/matmul_16x16.sv:138$56_DATA[7:0]$63, Q = \a_mem[45]).
Adding EN signal on $memory\a_mem[44]$906 ($dff) from module matmul_16x16 (D = $0$memwr$\a_mem$rtl/matmul_16x16.sv:138$56_DATA[7:0]$63, Q = \a_mem[44]).
Adding EN signal on $memory\a_mem[43]$904 ($dff) from module matmul_16x16 (D = $0$memwr$\a_mem$rtl/matmul_16x16.sv:138$56_DATA[7:0]$63, Q = \a_mem[43]).
Adding EN signal on $memory\a_mem[42]$902 ($dff) from module matmul_16x16 (D = $0$memwr$\a_mem$rtl/matmul_16x16.sv:138$56_DATA[7:0]$63, Q = \a_mem[42]).
Adding EN signal on $memory\a_mem[41]$900 ($dff) from module matmul_16x16 (D = $0$memwr$\a_mem$rtl/matmul_16x16.sv:138$56_DATA[7:0]$63, Q = \a_mem[41]).
Adding EN signal on $memory\a_mem[40]$898 ($dff) from module matmul_16x16 (D = $0$memwr$\a_mem$rtl/matmul_16x16.sv:138$56_DATA[7:0]$63, Q = \a_mem[40]).
Adding EN signal on $memory\a_mem[3]$824 ($dff) from module matmul_16x16 (D = $0$memwr$\a_mem$rtl/matmul_16x16.sv:138$56_DATA[7:0]$63, Q = \a_mem[3]).
Adding EN signal on $memory\a_mem[39]$896 ($dff) from module matmul_16x16 (D = $0$memwr$\a_mem$rtl/matmul_16x16.sv:138$56_DATA[7:0]$63, Q = \a_mem[39]).
Adding EN signal on $memory\a_mem[38]$894 ($dff) from module matmul_16x16 (D = $0$memwr$\a_mem$rtl/matmul_16x16.sv:138$56_DATA[7:0]$63, Q = \a_mem[38]).
Adding EN signal on $memory\a_mem[37]$892 ($dff) from module matmul_16x16 (D = $0$memwr$\a_mem$rtl/matmul_16x16.sv:138$56_DATA[7:0]$63, Q = \a_mem[37]).
Adding EN signal on $memory\a_mem[36]$890 ($dff) from module matmul_16x16 (D = $0$memwr$\a_mem$rtl/matmul_16x16.sv:138$56_DATA[7:0]$63, Q = \a_mem[36]).
Adding EN signal on $memory\a_mem[35]$888 ($dff) from module matmul_16x16 (D = $0$memwr$\a_mem$rtl/matmul_16x16.sv:138$56_DATA[7:0]$63, Q = \a_mem[35]).
Adding EN signal on $memory\a_mem[34]$886 ($dff) from module matmul_16x16 (D = $0$memwr$\a_mem$rtl/matmul_16x16.sv:138$56_DATA[7:0]$63, Q = \a_mem[34]).
Adding EN signal on $memory\a_mem[33]$884 ($dff) from module matmul_16x16 (D = $0$memwr$\a_mem$rtl/matmul_16x16.sv:138$56_DATA[7:0]$63, Q = \a_mem[33]).
Adding EN signal on $memory\a_mem[32]$882 ($dff) from module matmul_16x16 (D = $0$memwr$\a_mem$rtl/matmul_16x16.sv:138$56_DATA[7:0]$63, Q = \a_mem[32]).
Adding EN signal on $memory\a_mem[31]$880 ($dff) from module matmul_16x16 (D = $0$memwr$\a_mem$rtl/matmul_16x16.sv:138$56_DATA[7:0]$63, Q = \a_mem[31]).
Adding EN signal on $memory\a_mem[30]$878 ($dff) from module matmul_16x16 (D = $0$memwr$\a_mem$rtl/matmul_16x16.sv:138$56_DATA[7:0]$63, Q = \a_mem[30]).
Adding EN signal on $memory\a_mem[2]$822 ($dff) from module matmul_16x16 (D = $0$memwr$\a_mem$rtl/matmul_16x16.sv:138$56_DATA[7:0]$63, Q = \a_mem[2]).
Adding EN signal on $memory\a_mem[29]$876 ($dff) from module matmul_16x16 (D = $0$memwr$\a_mem$rtl/matmul_16x16.sv:138$56_DATA[7:0]$63, Q = \a_mem[29]).
Adding EN signal on $memory\a_mem[28]$874 ($dff) from module matmul_16x16 (D = $0$memwr$\a_mem$rtl/matmul_16x16.sv:138$56_DATA[7:0]$63, Q = \a_mem[28]).
Adding EN signal on $memory\a_mem[27]$872 ($dff) from module matmul_16x16 (D = $0$memwr$\a_mem$rtl/matmul_16x16.sv:138$56_DATA[7:0]$63, Q = \a_mem[27]).
Adding EN signal on $memory\a_mem[26]$870 ($dff) from module matmul_16x16 (D = $0$memwr$\a_mem$rtl/matmul_16x16.sv:138$56_DATA[7:0]$63, Q = \a_mem[26]).
Adding EN signal on $memory\a_mem[25]$868 ($dff) from module matmul_16x16 (D = $0$memwr$\a_mem$rtl/matmul_16x16.sv:138$56_DATA[7:0]$63, Q = \a_mem[25]).
Adding EN signal on $memory\a_mem[255]$1328 ($dff) from module matmul_16x16 (D = $0$memwr$\a_mem$rtl/matmul_16x16.sv:138$56_DATA[7:0]$63, Q = \a_mem[255]).
Adding EN signal on $memory\a_mem[254]$1326 ($dff) from module matmul_16x16 (D = $0$memwr$\a_mem$rtl/matmul_16x16.sv:138$56_DATA[7:0]$63, Q = \a_mem[254]).
Adding EN signal on $memory\a_mem[253]$1324 ($dff) from module matmul_16x16 (D = $0$memwr$\a_mem$rtl/matmul_16x16.sv:138$56_DATA[7:0]$63, Q = \a_mem[253]).
Adding EN signal on $memory\a_mem[252]$1322 ($dff) from module matmul_16x16 (D = $0$memwr$\a_mem$rtl/matmul_16x16.sv:138$56_DATA[7:0]$63, Q = \a_mem[252]).
Adding EN signal on $memory\a_mem[251]$1320 ($dff) from module matmul_16x16 (D = $0$memwr$\a_mem$rtl/matmul_16x16.sv:138$56_DATA[7:0]$63, Q = \a_mem[251]).
Adding EN signal on $memory\a_mem[250]$1318 ($dff) from module matmul_16x16 (D = $0$memwr$\a_mem$rtl/matmul_16x16.sv:138$56_DATA[7:0]$63, Q = \a_mem[250]).
Adding EN signal on $memory\a_mem[24]$866 ($dff) from module matmul_16x16 (D = $0$memwr$\a_mem$rtl/matmul_16x16.sv:138$56_DATA[7:0]$63, Q = \a_mem[24]).
Adding EN signal on $memory\a_mem[249]$1316 ($dff) from module matmul_16x16 (D = $0$memwr$\a_mem$rtl/matmul_16x16.sv:138$56_DATA[7:0]$63, Q = \a_mem[249]).
Adding EN signal on $memory\a_mem[248]$1314 ($dff) from module matmul_16x16 (D = $0$memwr$\a_mem$rtl/matmul_16x16.sv:138$56_DATA[7:0]$63, Q = \a_mem[248]).
Adding EN signal on $memory\a_mem[247]$1312 ($dff) from module matmul_16x16 (D = $0$memwr$\a_mem$rtl/matmul_16x16.sv:138$56_DATA[7:0]$63, Q = \a_mem[247]).
Adding EN signal on $memory\a_mem[246]$1310 ($dff) from module matmul_16x16 (D = $0$memwr$\a_mem$rtl/matmul_16x16.sv:138$56_DATA[7:0]$63, Q = \a_mem[246]).
Adding EN signal on $memory\a_mem[245]$1308 ($dff) from module matmul_16x16 (D = $0$memwr$\a_mem$rtl/matmul_16x16.sv:138$56_DATA[7:0]$63, Q = \a_mem[245]).
Adding EN signal on $memory\a_mem[244]$1306 ($dff) from module matmul_16x16 (D = $0$memwr$\a_mem$rtl/matmul_16x16.sv:138$56_DATA[7:0]$63, Q = \a_mem[244]).
Adding EN signal on $memory\a_mem[243]$1304 ($dff) from module matmul_16x16 (D = $0$memwr$\a_mem$rtl/matmul_16x16.sv:138$56_DATA[7:0]$63, Q = \a_mem[243]).
Adding EN signal on $memory\a_mem[242]$1302 ($dff) from module matmul_16x16 (D = $0$memwr$\a_mem$rtl/matmul_16x16.sv:138$56_DATA[7:0]$63, Q = \a_mem[242]).
Adding EN signal on $memory\a_mem[241]$1300 ($dff) from module matmul_16x16 (D = $0$memwr$\a_mem$rtl/matmul_16x16.sv:138$56_DATA[7:0]$63, Q = \a_mem[241]).
Adding EN signal on $memory\a_mem[240]$1298 ($dff) from module matmul_16x16 (D = $0$memwr$\a_mem$rtl/matmul_16x16.sv:138$56_DATA[7:0]$63, Q = \a_mem[240]).
Adding EN signal on $memory\a_mem[23]$864 ($dff) from module matmul_16x16 (D = $0$memwr$\a_mem$rtl/matmul_16x16.sv:138$56_DATA[7:0]$63, Q = \a_mem[23]).
Adding EN signal on $memory\a_mem[239]$1296 ($dff) from module matmul_16x16 (D = $0$memwr$\a_mem$rtl/matmul_16x16.sv:138$56_DATA[7:0]$63, Q = \a_mem[239]).
Adding EN signal on $memory\a_mem[238]$1294 ($dff) from module matmul_16x16 (D = $0$memwr$\a_mem$rtl/matmul_16x16.sv:138$56_DATA[7:0]$63, Q = \a_mem[238]).
Adding EN signal on $memory\a_mem[237]$1292 ($dff) from module matmul_16x16 (D = $0$memwr$\a_mem$rtl/matmul_16x16.sv:138$56_DATA[7:0]$63, Q = \a_mem[237]).
Adding EN signal on $memory\a_mem[236]$1290 ($dff) from module matmul_16x16 (D = $0$memwr$\a_mem$rtl/matmul_16x16.sv:138$56_DATA[7:0]$63, Q = \a_mem[236]).
Adding EN signal on $memory\a_mem[235]$1288 ($dff) from module matmul_16x16 (D = $0$memwr$\a_mem$rtl/matmul_16x16.sv:138$56_DATA[7:0]$63, Q = \a_mem[235]).
Adding EN signal on $memory\a_mem[234]$1286 ($dff) from module matmul_16x16 (D = $0$memwr$\a_mem$rtl/matmul_16x16.sv:138$56_DATA[7:0]$63, Q = \a_mem[234]).
Adding EN signal on $memory\a_mem[233]$1284 ($dff) from module matmul_16x16 (D = $0$memwr$\a_mem$rtl/matmul_16x16.sv:138$56_DATA[7:0]$63, Q = \a_mem[233]).
Adding EN signal on $memory\a_mem[232]$1282 ($dff) from module matmul_16x16 (D = $0$memwr$\a_mem$rtl/matmul_16x16.sv:138$56_DATA[7:0]$63, Q = \a_mem[232]).
Adding EN signal on $memory\a_mem[231]$1280 ($dff) from module matmul_16x16 (D = $0$memwr$\a_mem$rtl/matmul_16x16.sv:138$56_DATA[7:0]$63, Q = \a_mem[231]).
Adding EN signal on $memory\a_mem[230]$1278 ($dff) from module matmul_16x16 (D = $0$memwr$\a_mem$rtl/matmul_16x16.sv:138$56_DATA[7:0]$63, Q = \a_mem[230]).
Adding EN signal on $memory\a_mem[22]$862 ($dff) from module matmul_16x16 (D = $0$memwr$\a_mem$rtl/matmul_16x16.sv:138$56_DATA[7:0]$63, Q = \a_mem[22]).
Adding EN signal on $memory\a_mem[229]$1276 ($dff) from module matmul_16x16 (D = $0$memwr$\a_mem$rtl/matmul_16x16.sv:138$56_DATA[7:0]$63, Q = \a_mem[229]).
Adding EN signal on $memory\a_mem[228]$1274 ($dff) from module matmul_16x16 (D = $0$memwr$\a_mem$rtl/matmul_16x16.sv:138$56_DATA[7:0]$63, Q = \a_mem[228]).
Adding EN signal on $memory\a_mem[227]$1272 ($dff) from module matmul_16x16 (D = $0$memwr$\a_mem$rtl/matmul_16x16.sv:138$56_DATA[7:0]$63, Q = \a_mem[227]).
Adding EN signal on $memory\a_mem[226]$1270 ($dff) from module matmul_16x16 (D = $0$memwr$\a_mem$rtl/matmul_16x16.sv:138$56_DATA[7:0]$63, Q = \a_mem[226]).
Adding EN signal on $memory\a_mem[225]$1268 ($dff) from module matmul_16x16 (D = $0$memwr$\a_mem$rtl/matmul_16x16.sv:138$56_DATA[7:0]$63, Q = \a_mem[225]).
Adding EN signal on $memory\a_mem[224]$1266 ($dff) from module matmul_16x16 (D = $0$memwr$\a_mem$rtl/matmul_16x16.sv:138$56_DATA[7:0]$63, Q = \a_mem[224]).
Adding EN signal on $memory\a_mem[223]$1264 ($dff) from module matmul_16x16 (D = $0$memwr$\a_mem$rtl/matmul_16x16.sv:138$56_DATA[7:0]$63, Q = \a_mem[223]).
Adding EN signal on $memory\a_mem[222]$1262 ($dff) from module matmul_16x16 (D = $0$memwr$\a_mem$rtl/matmul_16x16.sv:138$56_DATA[7:0]$63, Q = \a_mem[222]).
Adding EN signal on $memory\a_mem[221]$1260 ($dff) from module matmul_16x16 (D = $0$memwr$\a_mem$rtl/matmul_16x16.sv:138$56_DATA[7:0]$63, Q = \a_mem[221]).
Adding EN signal on $memory\a_mem[220]$1258 ($dff) from module matmul_16x16 (D = $0$memwr$\a_mem$rtl/matmul_16x16.sv:138$56_DATA[7:0]$63, Q = \a_mem[220]).
Adding EN signal on $memory\a_mem[21]$860 ($dff) from module matmul_16x16 (D = $0$memwr$\a_mem$rtl/matmul_16x16.sv:138$56_DATA[7:0]$63, Q = \a_mem[21]).
Adding EN signal on $memory\a_mem[219]$1256 ($dff) from module matmul_16x16 (D = $0$memwr$\a_mem$rtl/matmul_16x16.sv:138$56_DATA[7:0]$63, Q = \a_mem[219]).
Adding EN signal on $memory\a_mem[218]$1254 ($dff) from module matmul_16x16 (D = $0$memwr$\a_mem$rtl/matmul_16x16.sv:138$56_DATA[7:0]$63, Q = \a_mem[218]).
Adding EN signal on $memory\a_mem[217]$1252 ($dff) from module matmul_16x16 (D = $0$memwr$\a_mem$rtl/matmul_16x16.sv:138$56_DATA[7:0]$63, Q = \a_mem[217]).
Adding EN signal on $memory\a_mem[216]$1250 ($dff) from module matmul_16x16 (D = $0$memwr$\a_mem$rtl/matmul_16x16.sv:138$56_DATA[7:0]$63, Q = \a_mem[216]).
Adding EN signal on $memory\a_mem[215]$1248 ($dff) from module matmul_16x16 (D = $0$memwr$\a_mem$rtl/matmul_16x16.sv:138$56_DATA[7:0]$63, Q = \a_mem[215]).
Adding EN signal on $memory\a_mem[214]$1246 ($dff) from module matmul_16x16 (D = $0$memwr$\a_mem$rtl/matmul_16x16.sv:138$56_DATA[7:0]$63, Q = \a_mem[214]).
Adding EN signal on $memory\a_mem[213]$1244 ($dff) from module matmul_16x16 (D = $0$memwr$\a_mem$rtl/matmul_16x16.sv:138$56_DATA[7:0]$63, Q = \a_mem[213]).
Adding EN signal on $memory\a_mem[212]$1242 ($dff) from module matmul_16x16 (D = $0$memwr$\a_mem$rtl/matmul_16x16.sv:138$56_DATA[7:0]$63, Q = \a_mem[212]).
Adding EN signal on $memory\a_mem[211]$1240 ($dff) from module matmul_16x16 (D = $0$memwr$\a_mem$rtl/matmul_16x16.sv:138$56_DATA[7:0]$63, Q = \a_mem[211]).
Adding EN signal on $memory\a_mem[210]$1238 ($dff) from module matmul_16x16 (D = $0$memwr$\a_mem$rtl/matmul_16x16.sv:138$56_DATA[7:0]$63, Q = \a_mem[210]).
Adding EN signal on $memory\a_mem[20]$858 ($dff) from module matmul_16x16 (D = $0$memwr$\a_mem$rtl/matmul_16x16.sv:138$56_DATA[7:0]$63, Q = \a_mem[20]).
Adding EN signal on $memory\a_mem[209]$1236 ($dff) from module matmul_16x16 (D = $0$memwr$\a_mem$rtl/matmul_16x16.sv:138$56_DATA[7:0]$63, Q = \a_mem[209]).
Adding EN signal on $memory\a_mem[208]$1234 ($dff) from module matmul_16x16 (D = $0$memwr$\a_mem$rtl/matmul_16x16.sv:138$56_DATA[7:0]$63, Q = \a_mem[208]).
Adding EN signal on $memory\a_mem[207]$1232 ($dff) from module matmul_16x16 (D = $0$memwr$\a_mem$rtl/matmul_16x16.sv:138$56_DATA[7:0]$63, Q = \a_mem[207]).
Adding EN signal on $memory\a_mem[206]$1230 ($dff) from module matmul_16x16 (D = $0$memwr$\a_mem$rtl/matmul_16x16.sv:138$56_DATA[7:0]$63, Q = \a_mem[206]).
Adding EN signal on $memory\a_mem[205]$1228 ($dff) from module matmul_16x16 (D = $0$memwr$\a_mem$rtl/matmul_16x16.sv:138$56_DATA[7:0]$63, Q = \a_mem[205]).
Adding EN signal on $memory\a_mem[204]$1226 ($dff) from module matmul_16x16 (D = $0$memwr$\a_mem$rtl/matmul_16x16.sv:138$56_DATA[7:0]$63, Q = \a_mem[204]).
Adding EN signal on $memory\a_mem[203]$1224 ($dff) from module matmul_16x16 (D = $0$memwr$\a_mem$rtl/matmul_16x16.sv:138$56_DATA[7:0]$63, Q = \a_mem[203]).
Adding EN signal on $memory\a_mem[202]$1222 ($dff) from module matmul_16x16 (D = $0$memwr$\a_mem$rtl/matmul_16x16.sv:138$56_DATA[7:0]$63, Q = \a_mem[202]).
Adding EN signal on $memory\a_mem[201]$1220 ($dff) from module matmul_16x16 (D = $0$memwr$\a_mem$rtl/matmul_16x16.sv:138$56_DATA[7:0]$63, Q = \a_mem[201]).
Adding EN signal on $memory\a_mem[200]$1218 ($dff) from module matmul_16x16 (D = $0$memwr$\a_mem$rtl/matmul_16x16.sv:138$56_DATA[7:0]$63, Q = \a_mem[200]).
Adding EN signal on $memory\a_mem[1]$820 ($dff) from module matmul_16x16 (D = $0$memwr$\a_mem$rtl/matmul_16x16.sv:138$56_DATA[7:0]$63, Q = \a_mem[1]).
Adding EN signal on $memory\a_mem[19]$856 ($dff) from module matmul_16x16 (D = $0$memwr$\a_mem$rtl/matmul_16x16.sv:138$56_DATA[7:0]$63, Q = \a_mem[19]).
Adding EN signal on $memory\a_mem[199]$1216 ($dff) from module matmul_16x16 (D = $0$memwr$\a_mem$rtl/matmul_16x16.sv:138$56_DATA[7:0]$63, Q = \a_mem[199]).
Adding EN signal on $memory\a_mem[198]$1214 ($dff) from module matmul_16x16 (D = $0$memwr$\a_mem$rtl/matmul_16x16.sv:138$56_DATA[7:0]$63, Q = \a_mem[198]).
Adding EN signal on $memory\a_mem[197]$1212 ($dff) from module matmul_16x16 (D = $0$memwr$\a_mem$rtl/matmul_16x16.sv:138$56_DATA[7:0]$63, Q = \a_mem[197]).
Adding EN signal on $memory\a_mem[196]$1210 ($dff) from module matmul_16x16 (D = $0$memwr$\a_mem$rtl/matmul_16x16.sv:138$56_DATA[7:0]$63, Q = \a_mem[196]).
Adding EN signal on $memory\a_mem[195]$1208 ($dff) from module matmul_16x16 (D = $0$memwr$\a_mem$rtl/matmul_16x16.sv:138$56_DATA[7:0]$63, Q = \a_mem[195]).
Adding EN signal on $memory\a_mem[194]$1206 ($dff) from module matmul_16x16 (D = $0$memwr$\a_mem$rtl/matmul_16x16.sv:138$56_DATA[7:0]$63, Q = \a_mem[194]).
Adding EN signal on $memory\a_mem[193]$1204 ($dff) from module matmul_16x16 (D = $0$memwr$\a_mem$rtl/matmul_16x16.sv:138$56_DATA[7:0]$63, Q = \a_mem[193]).
Adding EN signal on $memory\a_mem[192]$1202 ($dff) from module matmul_16x16 (D = $0$memwr$\a_mem$rtl/matmul_16x16.sv:138$56_DATA[7:0]$63, Q = \a_mem[192]).
Adding EN signal on $memory\a_mem[191]$1200 ($dff) from module matmul_16x16 (D = $0$memwr$\a_mem$rtl/matmul_16x16.sv:138$56_DATA[7:0]$63, Q = \a_mem[191]).
Adding EN signal on $memory\a_mem[190]$1198 ($dff) from module matmul_16x16 (D = $0$memwr$\a_mem$rtl/matmul_16x16.sv:138$56_DATA[7:0]$63, Q = \a_mem[190]).
Adding EN signal on $memory\a_mem[18]$854 ($dff) from module matmul_16x16 (D = $0$memwr$\a_mem$rtl/matmul_16x16.sv:138$56_DATA[7:0]$63, Q = \a_mem[18]).
Adding EN signal on $memory\a_mem[189]$1196 ($dff) from module matmul_16x16 (D = $0$memwr$\a_mem$rtl/matmul_16x16.sv:138$56_DATA[7:0]$63, Q = \a_mem[189]).
Adding EN signal on $memory\a_mem[188]$1194 ($dff) from module matmul_16x16 (D = $0$memwr$\a_mem$rtl/matmul_16x16.sv:138$56_DATA[7:0]$63, Q = \a_mem[188]).
Adding EN signal on $memory\a_mem[187]$1192 ($dff) from module matmul_16x16 (D = $0$memwr$\a_mem$rtl/matmul_16x16.sv:138$56_DATA[7:0]$63, Q = \a_mem[187]).
Adding EN signal on $memory\a_mem[186]$1190 ($dff) from module matmul_16x16 (D = $0$memwr$\a_mem$rtl/matmul_16x16.sv:138$56_DATA[7:0]$63, Q = \a_mem[186]).
Adding EN signal on $memory\a_mem[185]$1188 ($dff) from module matmul_16x16 (D = $0$memwr$\a_mem$rtl/matmul_16x16.sv:138$56_DATA[7:0]$63, Q = \a_mem[185]).
Adding EN signal on $memory\a_mem[184]$1186 ($dff) from module matmul_16x16 (D = $0$memwr$\a_mem$rtl/matmul_16x16.sv:138$56_DATA[7:0]$63, Q = \a_mem[184]).
Adding EN signal on $memory\a_mem[183]$1184 ($dff) from module matmul_16x16 (D = $0$memwr$\a_mem$rtl/matmul_16x16.sv:138$56_DATA[7:0]$63, Q = \a_mem[183]).
Adding EN signal on $memory\a_mem[182]$1182 ($dff) from module matmul_16x16 (D = $0$memwr$\a_mem$rtl/matmul_16x16.sv:138$56_DATA[7:0]$63, Q = \a_mem[182]).
Adding EN signal on $memory\a_mem[181]$1180 ($dff) from module matmul_16x16 (D = $0$memwr$\a_mem$rtl/matmul_16x16.sv:138$56_DATA[7:0]$63, Q = \a_mem[181]).
Adding EN signal on $memory\a_mem[180]$1178 ($dff) from module matmul_16x16 (D = $0$memwr$\a_mem$rtl/matmul_16x16.sv:138$56_DATA[7:0]$63, Q = \a_mem[180]).
Adding EN signal on $memory\a_mem[17]$852 ($dff) from module matmul_16x16 (D = $0$memwr$\a_mem$rtl/matmul_16x16.sv:138$56_DATA[7:0]$63, Q = \a_mem[17]).
Adding EN signal on $memory\a_mem[179]$1176 ($dff) from module matmul_16x16 (D = $0$memwr$\a_mem$rtl/matmul_16x16.sv:138$56_DATA[7:0]$63, Q = \a_mem[179]).
Adding EN signal on $memory\a_mem[178]$1174 ($dff) from module matmul_16x16 (D = $0$memwr$\a_mem$rtl/matmul_16x16.sv:138$56_DATA[7:0]$63, Q = \a_mem[178]).
Adding EN signal on $memory\a_mem[177]$1172 ($dff) from module matmul_16x16 (D = $0$memwr$\a_mem$rtl/matmul_16x16.sv:138$56_DATA[7:0]$63, Q = \a_mem[177]).
Adding EN signal on $memory\a_mem[176]$1170 ($dff) from module matmul_16x16 (D = $0$memwr$\a_mem$rtl/matmul_16x16.sv:138$56_DATA[7:0]$63, Q = \a_mem[176]).
Adding EN signal on $memory\a_mem[175]$1168 ($dff) from module matmul_16x16 (D = $0$memwr$\a_mem$rtl/matmul_16x16.sv:138$56_DATA[7:0]$63, Q = \a_mem[175]).
Adding EN signal on $memory\a_mem[174]$1166 ($dff) from module matmul_16x16 (D = $0$memwr$\a_mem$rtl/matmul_16x16.sv:138$56_DATA[7:0]$63, Q = \a_mem[174]).
Adding EN signal on $memory\a_mem[173]$1164 ($dff) from module matmul_16x16 (D = $0$memwr$\a_mem$rtl/matmul_16x16.sv:138$56_DATA[7:0]$63, Q = \a_mem[173]).
Adding EN signal on $memory\a_mem[172]$1162 ($dff) from module matmul_16x16 (D = $0$memwr$\a_mem$rtl/matmul_16x16.sv:138$56_DATA[7:0]$63, Q = \a_mem[172]).
Adding EN signal on $memory\a_mem[171]$1160 ($dff) from module matmul_16x16 (D = $0$memwr$\a_mem$rtl/matmul_16x16.sv:138$56_DATA[7:0]$63, Q = \a_mem[171]).
Adding EN signal on $memory\a_mem[170]$1158 ($dff) from module matmul_16x16 (D = $0$memwr$\a_mem$rtl/matmul_16x16.sv:138$56_DATA[7:0]$63, Q = \a_mem[170]).
Adding EN signal on $memory\a_mem[16]$850 ($dff) from module matmul_16x16 (D = $0$memwr$\a_mem$rtl/matmul_16x16.sv:138$56_DATA[7:0]$63, Q = \a_mem[16]).
Adding EN signal on $memory\a_mem[169]$1156 ($dff) from module matmul_16x16 (D = $0$memwr$\a_mem$rtl/matmul_16x16.sv:138$56_DATA[7:0]$63, Q = \a_mem[169]).
Adding EN signal on $memory\a_mem[168]$1154 ($dff) from module matmul_16x16 (D = $0$memwr$\a_mem$rtl/matmul_16x16.sv:138$56_DATA[7:0]$63, Q = \a_mem[168]).
Adding EN signal on $memory\a_mem[167]$1152 ($dff) from module matmul_16x16 (D = $0$memwr$\a_mem$rtl/matmul_16x16.sv:138$56_DATA[7:0]$63, Q = \a_mem[167]).
Adding EN signal on $memory\a_mem[166]$1150 ($dff) from module matmul_16x16 (D = $0$memwr$\a_mem$rtl/matmul_16x16.sv:138$56_DATA[7:0]$63, Q = \a_mem[166]).
Adding EN signal on $memory\a_mem[165]$1148 ($dff) from module matmul_16x16 (D = $0$memwr$\a_mem$rtl/matmul_16x16.sv:138$56_DATA[7:0]$63, Q = \a_mem[165]).
Adding EN signal on $memory\a_mem[164]$1146 ($dff) from module matmul_16x16 (D = $0$memwr$\a_mem$rtl/matmul_16x16.sv:138$56_DATA[7:0]$63, Q = \a_mem[164]).
Adding EN signal on $memory\a_mem[163]$1144 ($dff) from module matmul_16x16 (D = $0$memwr$\a_mem$rtl/matmul_16x16.sv:138$56_DATA[7:0]$63, Q = \a_mem[163]).
Adding EN signal on $memory\a_mem[162]$1142 ($dff) from module matmul_16x16 (D = $0$memwr$\a_mem$rtl/matmul_16x16.sv:138$56_DATA[7:0]$63, Q = \a_mem[162]).
Adding EN signal on $memory\a_mem[161]$1140 ($dff) from module matmul_16x16 (D = $0$memwr$\a_mem$rtl/matmul_16x16.sv:138$56_DATA[7:0]$63, Q = \a_mem[161]).
Adding EN signal on $memory\a_mem[160]$1138 ($dff) from module matmul_16x16 (D = $0$memwr$\a_mem$rtl/matmul_16x16.sv:138$56_DATA[7:0]$63, Q = \a_mem[160]).
Adding EN signal on $memory\a_mem[15]$848 ($dff) from module matmul_16x16 (D = $0$memwr$\a_mem$rtl/matmul_16x16.sv:138$56_DATA[7:0]$63, Q = \a_mem[15]).
Adding EN signal on $memory\a_mem[159]$1136 ($dff) from module matmul_16x16 (D = $0$memwr$\a_mem$rtl/matmul_16x16.sv:138$56_DATA[7:0]$63, Q = \a_mem[159]).
Adding EN signal on $memory\a_mem[158]$1134 ($dff) from module matmul_16x16 (D = $0$memwr$\a_mem$rtl/matmul_16x16.sv:138$56_DATA[7:0]$63, Q = \a_mem[158]).
Adding EN signal on $memory\a_mem[157]$1132 ($dff) from module matmul_16x16 (D = $0$memwr$\a_mem$rtl/matmul_16x16.sv:138$56_DATA[7:0]$63, Q = \a_mem[157]).
Adding EN signal on $memory\a_mem[156]$1130 ($dff) from module matmul_16x16 (D = $0$memwr$\a_mem$rtl/matmul_16x16.sv:138$56_DATA[7:0]$63, Q = \a_mem[156]).
Adding EN signal on $memory\a_mem[155]$1128 ($dff) from module matmul_16x16 (D = $0$memwr$\a_mem$rtl/matmul_16x16.sv:138$56_DATA[7:0]$63, Q = \a_mem[155]).
Adding EN signal on $memory\a_mem[154]$1126 ($dff) from module matmul_16x16 (D = $0$memwr$\a_mem$rtl/matmul_16x16.sv:138$56_DATA[7:0]$63, Q = \a_mem[154]).
Adding EN signal on $memory\a_mem[153]$1124 ($dff) from module matmul_16x16 (D = $0$memwr$\a_mem$rtl/matmul_16x16.sv:138$56_DATA[7:0]$63, Q = \a_mem[153]).
Adding EN signal on $memory\a_mem[152]$1122 ($dff) from module matmul_16x16 (D = $0$memwr$\a_mem$rtl/matmul_16x16.sv:138$56_DATA[7:0]$63, Q = \a_mem[152]).
Adding EN signal on $memory\a_mem[151]$1120 ($dff) from module matmul_16x16 (D = $0$memwr$\a_mem$rtl/matmul_16x16.sv:138$56_DATA[7:0]$63, Q = \a_mem[151]).
Adding EN signal on $memory\a_mem[150]$1118 ($dff) from module matmul_16x16 (D = $0$memwr$\a_mem$rtl/matmul_16x16.sv:138$56_DATA[7:0]$63, Q = \a_mem[150]).
Adding EN signal on $memory\a_mem[14]$846 ($dff) from module matmul_16x16 (D = $0$memwr$\a_mem$rtl/matmul_16x16.sv:138$56_DATA[7:0]$63, Q = \a_mem[14]).
Adding EN signal on $memory\a_mem[149]$1116 ($dff) from module matmul_16x16 (D = $0$memwr$\a_mem$rtl/matmul_16x16.sv:138$56_DATA[7:0]$63, Q = \a_mem[149]).
Adding EN signal on $memory\a_mem[148]$1114 ($dff) from module matmul_16x16 (D = $0$memwr$\a_mem$rtl/matmul_16x16.sv:138$56_DATA[7:0]$63, Q = \a_mem[148]).
Adding EN signal on $memory\a_mem[147]$1112 ($dff) from module matmul_16x16 (D = $0$memwr$\a_mem$rtl/matmul_16x16.sv:138$56_DATA[7:0]$63, Q = \a_mem[147]).
Adding EN signal on $memory\a_mem[146]$1110 ($dff) from module matmul_16x16 (D = $0$memwr$\a_mem$rtl/matmul_16x16.sv:138$56_DATA[7:0]$63, Q = \a_mem[146]).
Adding EN signal on $memory\a_mem[145]$1108 ($dff) from module matmul_16x16 (D = $0$memwr$\a_mem$rtl/matmul_16x16.sv:138$56_DATA[7:0]$63, Q = \a_mem[145]).
Adding EN signal on $memory\a_mem[144]$1106 ($dff) from module matmul_16x16 (D = $0$memwr$\a_mem$rtl/matmul_16x16.sv:138$56_DATA[7:0]$63, Q = \a_mem[144]).
Adding EN signal on $memory\a_mem[143]$1104 ($dff) from module matmul_16x16 (D = $0$memwr$\a_mem$rtl/matmul_16x16.sv:138$56_DATA[7:0]$63, Q = \a_mem[143]).
Adding EN signal on $memory\a_mem[142]$1102 ($dff) from module matmul_16x16 (D = $0$memwr$\a_mem$rtl/matmul_16x16.sv:138$56_DATA[7:0]$63, Q = \a_mem[142]).
Adding EN signal on $memory\a_mem[141]$1100 ($dff) from module matmul_16x16 (D = $0$memwr$\a_mem$rtl/matmul_16x16.sv:138$56_DATA[7:0]$63, Q = \a_mem[141]).
Adding EN signal on $memory\a_mem[140]$1098 ($dff) from module matmul_16x16 (D = $0$memwr$\a_mem$rtl/matmul_16x16.sv:138$56_DATA[7:0]$63, Q = \a_mem[140]).
Adding EN signal on $memory\a_mem[13]$844 ($dff) from module matmul_16x16 (D = $0$memwr$\a_mem$rtl/matmul_16x16.sv:138$56_DATA[7:0]$63, Q = \a_mem[13]).
Adding EN signal on $memory\a_mem[139]$1096 ($dff) from module matmul_16x16 (D = $0$memwr$\a_mem$rtl/matmul_16x16.sv:138$56_DATA[7:0]$63, Q = \a_mem[139]).
Adding EN signal on $memory\a_mem[138]$1094 ($dff) from module matmul_16x16 (D = $0$memwr$\a_mem$rtl/matmul_16x16.sv:138$56_DATA[7:0]$63, Q = \a_mem[138]).
Adding EN signal on $memory\a_mem[137]$1092 ($dff) from module matmul_16x16 (D = $0$memwr$\a_mem$rtl/matmul_16x16.sv:138$56_DATA[7:0]$63, Q = \a_mem[137]).
Adding EN signal on $memory\a_mem[136]$1090 ($dff) from module matmul_16x16 (D = $0$memwr$\a_mem$rtl/matmul_16x16.sv:138$56_DATA[7:0]$63, Q = \a_mem[136]).
Adding EN signal on $memory\a_mem[135]$1088 ($dff) from module matmul_16x16 (D = $0$memwr$\a_mem$rtl/matmul_16x16.sv:138$56_DATA[7:0]$63, Q = \a_mem[135]).
Adding EN signal on $memory\a_mem[134]$1086 ($dff) from module matmul_16x16 (D = $0$memwr$\a_mem$rtl/matmul_16x16.sv:138$56_DATA[7:0]$63, Q = \a_mem[134]).
Adding EN signal on $memory\a_mem[133]$1084 ($dff) from module matmul_16x16 (D = $0$memwr$\a_mem$rtl/matmul_16x16.sv:138$56_DATA[7:0]$63, Q = \a_mem[133]).
Adding EN signal on $memory\a_mem[132]$1082 ($dff) from module matmul_16x16 (D = $0$memwr$\a_mem$rtl/matmul_16x16.sv:138$56_DATA[7:0]$63, Q = \a_mem[132]).
Adding EN signal on $memory\a_mem[131]$1080 ($dff) from module matmul_16x16 (D = $0$memwr$\a_mem$rtl/matmul_16x16.sv:138$56_DATA[7:0]$63, Q = \a_mem[131]).
Adding EN signal on $memory\a_mem[130]$1078 ($dff) from module matmul_16x16 (D = $0$memwr$\a_mem$rtl/matmul_16x16.sv:138$56_DATA[7:0]$63, Q = \a_mem[130]).
Adding EN signal on $memory\a_mem[12]$842 ($dff) from module matmul_16x16 (D = $0$memwr$\a_mem$rtl/matmul_16x16.sv:138$56_DATA[7:0]$63, Q = \a_mem[12]).
Adding EN signal on $memory\a_mem[129]$1076 ($dff) from module matmul_16x16 (D = $0$memwr$\a_mem$rtl/matmul_16x16.sv:138$56_DATA[7:0]$63, Q = \a_mem[129]).
Adding EN signal on $memory\a_mem[128]$1074 ($dff) from module matmul_16x16 (D = $0$memwr$\a_mem$rtl/matmul_16x16.sv:138$56_DATA[7:0]$63, Q = \a_mem[128]).
Adding EN signal on $memory\a_mem[127]$1072 ($dff) from module matmul_16x16 (D = $0$memwr$\a_mem$rtl/matmul_16x16.sv:138$56_DATA[7:0]$63, Q = \a_mem[127]).
Adding EN signal on $memory\a_mem[126]$1070 ($dff) from module matmul_16x16 (D = $0$memwr$\a_mem$rtl/matmul_16x16.sv:138$56_DATA[7:0]$63, Q = \a_mem[126]).
Adding EN signal on $memory\a_mem[125]$1068 ($dff) from module matmul_16x16 (D = $0$memwr$\a_mem$rtl/matmul_16x16.sv:138$56_DATA[7:0]$63, Q = \a_mem[125]).
Adding EN signal on $memory\a_mem[124]$1066 ($dff) from module matmul_16x16 (D = $0$memwr$\a_mem$rtl/matmul_16x16.sv:138$56_DATA[7:0]$63, Q = \a_mem[124]).
Adding EN signal on $memory\a_mem[123]$1064 ($dff) from module matmul_16x16 (D = $0$memwr$\a_mem$rtl/matmul_16x16.sv:138$56_DATA[7:0]$63, Q = \a_mem[123]).
Adding EN signal on $memory\a_mem[122]$1062 ($dff) from module matmul_16x16 (D = $0$memwr$\a_mem$rtl/matmul_16x16.sv:138$56_DATA[7:0]$63, Q = \a_mem[122]).
Adding EN signal on $memory\a_mem[121]$1060 ($dff) from module matmul_16x16 (D = $0$memwr$\a_mem$rtl/matmul_16x16.sv:138$56_DATA[7:0]$63, Q = \a_mem[121]).
Adding EN signal on $memory\a_mem[120]$1058 ($dff) from module matmul_16x16 (D = $0$memwr$\a_mem$rtl/matmul_16x16.sv:138$56_DATA[7:0]$63, Q = \a_mem[120]).
Adding EN signal on $memory\a_mem[11]$840 ($dff) from module matmul_16x16 (D = $0$memwr$\a_mem$rtl/matmul_16x16.sv:138$56_DATA[7:0]$63, Q = \a_mem[11]).
Adding EN signal on $memory\a_mem[119]$1056 ($dff) from module matmul_16x16 (D = $0$memwr$\a_mem$rtl/matmul_16x16.sv:138$56_DATA[7:0]$63, Q = \a_mem[119]).
Adding EN signal on $memory\a_mem[118]$1054 ($dff) from module matmul_16x16 (D = $0$memwr$\a_mem$rtl/matmul_16x16.sv:138$56_DATA[7:0]$63, Q = \a_mem[118]).
Adding EN signal on $memory\a_mem[117]$1052 ($dff) from module matmul_16x16 (D = $0$memwr$\a_mem$rtl/matmul_16x16.sv:138$56_DATA[7:0]$63, Q = \a_mem[117]).
Adding EN signal on $memory\a_mem[116]$1050 ($dff) from module matmul_16x16 (D = $0$memwr$\a_mem$rtl/matmul_16x16.sv:138$56_DATA[7:0]$63, Q = \a_mem[116]).
Adding EN signal on $memory\a_mem[115]$1048 ($dff) from module matmul_16x16 (D = $0$memwr$\a_mem$rtl/matmul_16x16.sv:138$56_DATA[7:0]$63, Q = \a_mem[115]).
Adding EN signal on $memory\a_mem[114]$1046 ($dff) from module matmul_16x16 (D = $0$memwr$\a_mem$rtl/matmul_16x16.sv:138$56_DATA[7:0]$63, Q = \a_mem[114]).
Adding EN signal on $memory\a_mem[113]$1044 ($dff) from module matmul_16x16 (D = $0$memwr$\a_mem$rtl/matmul_16x16.sv:138$56_DATA[7:0]$63, Q = \a_mem[113]).
Adding EN signal on $memory\a_mem[112]$1042 ($dff) from module matmul_16x16 (D = $0$memwr$\a_mem$rtl/matmul_16x16.sv:138$56_DATA[7:0]$63, Q = \a_mem[112]).
Adding EN signal on $memory\a_mem[111]$1040 ($dff) from module matmul_16x16 (D = $0$memwr$\a_mem$rtl/matmul_16x16.sv:138$56_DATA[7:0]$63, Q = \a_mem[111]).
Adding EN signal on $memory\a_mem[110]$1038 ($dff) from module matmul_16x16 (D = $0$memwr$\a_mem$rtl/matmul_16x16.sv:138$56_DATA[7:0]$63, Q = \a_mem[110]).
Adding EN signal on $memory\a_mem[10]$838 ($dff) from module matmul_16x16 (D = $0$memwr$\a_mem$rtl/matmul_16x16.sv:138$56_DATA[7:0]$63, Q = \a_mem[10]).
Adding EN signal on $memory\a_mem[109]$1036 ($dff) from module matmul_16x16 (D = $0$memwr$\a_mem$rtl/matmul_16x16.sv:138$56_DATA[7:0]$63, Q = \a_mem[109]).
Adding EN signal on $memory\a_mem[108]$1034 ($dff) from module matmul_16x16 (D = $0$memwr$\a_mem$rtl/matmul_16x16.sv:138$56_DATA[7:0]$63, Q = \a_mem[108]).
Adding EN signal on $memory\a_mem[107]$1032 ($dff) from module matmul_16x16 (D = $0$memwr$\a_mem$rtl/matmul_16x16.sv:138$56_DATA[7:0]$63, Q = \a_mem[107]).
Adding EN signal on $memory\a_mem[106]$1030 ($dff) from module matmul_16x16 (D = $0$memwr$\a_mem$rtl/matmul_16x16.sv:138$56_DATA[7:0]$63, Q = \a_mem[106]).
Adding EN signal on $memory\a_mem[105]$1028 ($dff) from module matmul_16x16 (D = $0$memwr$\a_mem$rtl/matmul_16x16.sv:138$56_DATA[7:0]$63, Q = \a_mem[105]).
Adding EN signal on $memory\a_mem[104]$1026 ($dff) from module matmul_16x16 (D = $0$memwr$\a_mem$rtl/matmul_16x16.sv:138$56_DATA[7:0]$63, Q = \a_mem[104]).
Adding EN signal on $memory\a_mem[103]$1024 ($dff) from module matmul_16x16 (D = $0$memwr$\a_mem$rtl/matmul_16x16.sv:138$56_DATA[7:0]$63, Q = \a_mem[103]).
Adding EN signal on $memory\a_mem[102]$1022 ($dff) from module matmul_16x16 (D = $0$memwr$\a_mem$rtl/matmul_16x16.sv:138$56_DATA[7:0]$63, Q = \a_mem[102]).
Adding EN signal on $memory\a_mem[101]$1020 ($dff) from module matmul_16x16 (D = $0$memwr$\a_mem$rtl/matmul_16x16.sv:138$56_DATA[7:0]$63, Q = \a_mem[101]).
Adding EN signal on $memory\a_mem[100]$1018 ($dff) from module matmul_16x16 (D = $0$memwr$\a_mem$rtl/matmul_16x16.sv:138$56_DATA[7:0]$63, Q = \a_mem[100]).
Adding EN signal on $memory\a_mem[0]$818 ($dff) from module matmul_16x16 (D = $0$memwr$\a_mem$rtl/matmul_16x16.sv:138$56_DATA[7:0]$63, Q = \a_mem[0]).

12.14. Executing OPT_CLEAN pass (remove unused cells and wires).
Finding unused cells or wires in module $paramod$8392c0aee371eac30cfcd917af9a6c37ac869d3e\mac..
Finding unused cells or wires in module $paramod$8392c0aee371eac30cfcd917af9a6c37ac869d3e\pe..
Finding unused cells or wires in module $paramod$8392c0aee371eac30cfcd917af9a6c37ac869d3e\pe_array_4x4..
Finding unused cells or wires in module \matmul_16x16..
Finding unused cells or wires in module \tile_controller..
Removed 768 unused cells and 768 unused wires.
<suppressed ~769 debug messages>

12.15. Executing OPT_EXPR pass (perform const folding).
Optimizing module $paramod$8392c0aee371eac30cfcd917af9a6c37ac869d3e\mac.
Optimizing module $paramod$8392c0aee371eac30cfcd917af9a6c37ac869d3e\pe.
Optimizing module $paramod$8392c0aee371eac30cfcd917af9a6c37ac869d3e\pe_array_4x4.
Optimizing module matmul_16x16.
Optimizing module tile_controller.

12.16. Rerunning OPT passes. (Maybe there is more to do..)

12.17. Executing OPT_MUXTREE pass (detect dead branches in mux trees).
Running muxtree optimizer on module $paramod$8392c0aee371eac30cfcd917af9a6c37ac869d3e\mac..
  Creating internal representation of mux trees.
  Evaluating internal representation of mux trees.
  Analyzing evaluation results.
Running muxtree optimizer on module $paramod$8392c0aee371eac30cfcd917af9a6c37ac869d3e\pe..
  Creating internal representation of mux trees.
  No muxes found in this module.
Running muxtree optimizer on module $paramod$8392c0aee371eac30cfcd917af9a6c37ac869d3e\pe_array_4x4..
  Creating internal representation of mux trees.
  No muxes found in this module.
Running muxtree optimizer on module \matmul_16x16..
  Creating internal representation of mux trees.
  Evaluating internal representation of mux trees.
  Analyzing evaluation results.
Running muxtree optimizer on module \tile_controller..
  Creating internal representation of mux trees.
  Evaluating internal representation of mux trees.
  Analyzing evaluation results.
Removed 0 multiplexer ports.
<suppressed ~35 debug messages>

12.18. Executing OPT_REDUCE pass (consolidate $*mux and $reduce_* inputs).
  Optimizing cells in module $paramod$8392c0aee371eac30cfcd917af9a6c37ac869d3e\mac.
  Optimizing cells in module $paramod$8392c0aee371eac30cfcd917af9a6c37ac869d3e\pe.
  Optimizing cells in module $paramod$8392c0aee371eac30cfcd917af9a6c37ac869d3e\pe_array_4x4.
  Optimizing cells in module \matmul_16x16.
  Optimizing cells in module \tile_controller.
Performed a total of 0 changes.

12.19. Executing OPT_MERGE pass (detect identical cells).
Finding identical cells in module `$paramod$8392c0aee371eac30cfcd917af9a6c37ac869d3e\mac'.
Finding identical cells in module `$paramod$8392c0aee371eac30cfcd917af9a6c37ac869d3e\pe'.
Finding identical cells in module `$paramod$8392c0aee371eac30cfcd917af9a6c37ac869d3e\pe_array_4x4'.
Finding identical cells in module `\matmul_16x16'.
Finding identical cells in module `\tile_controller'.
Removed a total of 0 cells.

12.20. Executing OPT_DFF pass (perform DFF optimizations).

12.21. Executing OPT_CLEAN pass (remove unused cells and wires).
Finding unused cells or wires in module $paramod$8392c0aee371eac30cfcd917af9a6c37ac869d3e\mac..
Finding unused cells or wires in module $paramod$8392c0aee371eac30cfcd917af9a6c37ac869d3e\pe..
Finding unused cells or wires in module $paramod$8392c0aee371eac30cfcd917af9a6c37ac869d3e\pe_array_4x4..
Finding unused cells or wires in module \matmul_16x16..
Finding unused cells or wires in module \tile_controller..

12.22. Executing OPT_EXPR pass (perform const folding).
Optimizing module $paramod$8392c0aee371eac30cfcd917af9a6c37ac869d3e\mac.
Optimizing module $paramod$8392c0aee371eac30cfcd917af9a6c37ac869d3e\pe.
Optimizing module $paramod$8392c0aee371eac30cfcd917af9a6c37ac869d3e\pe_array_4x4.
Optimizing module matmul_16x16.
Optimizing module tile_controller.

12.23. Finished OPT passes. (There is nothing left to do.)

13. Executing TECHMAP pass (map to technology primitives).

13.1. Executing Verilog-2005 frontend: /usr/bin/../share/yosys/techmap.v
Parsing Verilog input from `/usr/bin/../share/yosys/techmap.v' to AST representation.
Generating RTLIL representation for module `\_90_simplemap_bool_ops'.
Generating RTLIL representation for module `\_90_simplemap_reduce_ops'.
Generating RTLIL representation for module `\_90_simplemap_logic_ops'.
Generating RTLIL representation for module `\_90_simplemap_compare_ops'.
Generating RTLIL representation for module `\_90_simplemap_various'.
Generating RTLIL representation for module `\_90_simplemap_registers'.
Generating RTLIL representation for module `\_90_shift_ops_shr_shl_sshl_sshr'.
Generating RTLIL representation for module `\_90_shift_shiftx'.
Generating RTLIL representation for module `\_90_fa'.
Generating RTLIL representation for module `\_90_lcu'.
Generating RTLIL representation for module `\_90_alu'.
Generating RTLIL representation for module `\_90_macc'.
Generating RTLIL representation for module `\_90_alumacc'.
Generating RTLIL representation for module `\$__div_mod_u'.
Generating RTLIL representation for module `\$__div_mod_trunc'.
Generating RTLIL representation for module `\_90_div'.
Generating RTLIL representation for module `\_90_mod'.
Generating RTLIL representation for module `\$__div_mod_floor'.
Generating RTLIL representation for module `\_90_divfloor'.
Generating RTLIL representation for module `\_90_modfloor'.
Generating RTLIL representation for module `\_90_pow'.
Generating RTLIL representation for module `\_90_pmux'.
Generating RTLIL representation for module `\_90_demux'.
Generating RTLIL representation for module `\_90_lut'.
Successfully finished Verilog frontend.

13.2. Continuing TECHMAP pass.
Using extmapper simplemap for cells of type $reduce_and.
Using extmapper simplemap for cells of type $eq.
Running "alumacc" on wrapper $extern:wrap:$add:A_SIGNED=0:A_WIDTH=2:B_SIGNED=0:B_WIDTH=2:Y_WIDTH=2:394426c56d1a028ba8fdd5469b163e04011def47.
Using template $extern:wrap:$add:A_SIGNED=0:A_WIDTH=2:B_SIGNED=0:B_WIDTH=2:Y_WIDTH=2:394426c56d1a028ba8fdd5469b163e04011def47 for cells of type $extern:wrap:$add:A_SIGNED=0:A_WIDTH=2:B_SIGNED=0:B_WIDTH=2:Y_WIDTH=2:394426c56d1a028ba8fdd5469b163e04011def47.
Running "alumacc" on wrapper $extern:wrap:$add:A_SIGNED=0:A_WIDTH=4:B_SIGNED=0:B_WIDTH=4:Y_WIDTH=4:394426c56d1a028ba8fdd5469b163e04011def47.
Using template $extern:wrap:$add:A_SIGNED=0:A_WIDTH=4:B_SIGNED=0:B_WIDTH=4:Y_WIDTH=4:394426c56d1a028ba8fdd5469b163e04011def47 for cells of type $extern:wrap:$add:A_SIGNED=0:A_WIDTH=4:B_SIGNED=0:B_WIDTH=4:Y_WIDTH=4:394426c56d1a028ba8fdd5469b163e04011def47.
Using extmapper simplemap for cells of type $logic_and.
Using extmapper simplemap for cells of type $ne.
Using extmapper simplemap for cells of type $reduce_bool.
Using extmapper simplemap for cells of type $reduce_or.
Using extmapper simplemap for cells of type $mux.
Using template $paramod$d31bf4d7d72e59528d18fbd4f322e9d608532043\_90_pmux for cells of type $pmux.
Using template $paramod$c2e415ef15bc3ccd2723772353a6b450d3d76206\_90_pmux for cells of type $pmux.
Using template $paramod$bf2533632d512eac76dd186c0da49367e29b8e98\_90_pmux for cells of type $pmux.
Using template $paramod$97565c3687be688407d1272a293bd9d0ae6852dc\_90_pmux for cells of type $pmux.
Using template $paramod$521ce43182eecb9f60c72393a788160d2c356bf5\_90_pmux for cells of type $pmux.
Using extmapper simplemap for cells of type $logic_not.
Using extmapper simplemap for cells of type $adffe.
Using template $paramod$7e708ae28ab761f11d0fb59d3ffc72f6a4baf5d9\_90_alu for cells of type $alu.
Using template $paramod$740b056ede97228d3eae64ea2fdc81f0a33e0fe7\_90_alu for cells of type $alu.
Using extmapper simplemap for cells of type $and.
Using extmapper simplemap for cells of type $not.
Using extmapper simplemap for cells of type $xor.
Using template $paramod\_90_lcu\WIDTH=32'00000000000000000000000000000010 for cells of type $lcu.
Using extmapper simplemap for cells of type $pos.
Using template $paramod\_90_lcu\WIDTH=32'00000000000000000000000000000100 for cells of type $lcu.
Using extmapper simplemap for cells of type $or.
Using extmapper simplemap for cells of type $dffe.
Using template $paramod$ee721315a7b0169d82611b9aea01747035b97792\_90_pmux for cells of type $pmux.
Using template $paramod$8d502f02b5b0b72663c46788e07dcce65ffb9a1e\_90_pmux for cells of type $pmux.
Running "alumacc" on wrapper $extern:wrap:$mul:A_SIGNED=0:A_WIDTH=8:B_SIGNED=0:B_WIDTH=8:Y_WIDTH=32:394426c56d1a028ba8fdd5469b163e04011def47.
Using template $extern:wrap:$mul:A_SIGNED=0:A_WIDTH=8:B_SIGNED=0:B_WIDTH=8:Y_WIDTH=32:394426c56d1a028ba8fdd5469b163e04011def47 for cells of type $extern:wrap:$mul:A_SIGNED=0:A_WIDTH=8:B_SIGNED=0:B_WIDTH=8:Y_WIDTH=32:394426c56d1a028ba8fdd5469b163e04011def47.
Running "alumacc" on wrapper $extern:wrap:$add:A_SIGNED=0:A_WIDTH=32:B_SIGNED=0:B_WIDTH=32:Y_WIDTH=32:394426c56d1a028ba8fdd5469b163e04011def47.
Using template $extern:wrap:$add:A_SIGNED=0:A_WIDTH=32:B_SIGNED=0:B_WIDTH=32:Y_WIDTH=32:394426c56d1a028ba8fdd5469b163e04011def47 for cells of type $extern:wrap:$add:A_SIGNED=0:A_WIDTH=32:B_SIGNED=0:B_WIDTH=32:Y_WIDTH=32:394426c56d1a028ba8fdd5469b163e04011def47.
Using extmapper maccmap for cells of type $macc.
  add \a * \b (8x8 bits, unsigned)
Using template $paramod$fbc7873bff55778c0b3173955b7e4bce1d9d6834\_90_alu for cells of type $alu.
Using template $paramod\_90_fa\WIDTH=32'00000000000000000000000000100000 for cells of type $fa.
Using template $paramod\_90_lcu\WIDTH=32'00000000000000000000000000100000 for cells of type $lcu.
No more expansions possible.
<suppressed ~4261 debug messages>

14. Executing OPT pass (performing simple optimizations).

14.1. Executing OPT_EXPR pass (perform const folding).
Optimizing module $paramod$8392c0aee371eac30cfcd917af9a6c37ac869d3e\mac.
<suppressed ~1251 debug messages>
Optimizing module $paramod$8392c0aee371eac30cfcd917af9a6c37ac869d3e\pe.
Optimizing module $paramod$8392c0aee371eac30cfcd917af9a6c37ac869d3e\pe_array_4x4.
Optimizing module matmul_16x16.
<suppressed ~86 debug messages>
Optimizing module tile_controller.
<suppressed ~211 debug messages>

14.2. Executing OPT_MERGE pass (detect identical cells).
Finding identical cells in module `$paramod$8392c0aee371eac30cfcd917af9a6c37ac869d3e\mac'.
Finding identical cells in module `$paramod$8392c0aee371eac30cfcd917af9a6c37ac869d3e\pe'.
Finding identical cells in module `$paramod$8392c0aee371eac30cfcd917af9a6c37ac869d3e\pe_array_4x4'.
Finding identical cells in module `\matmul_16x16'.
<suppressed ~240 debug messages>
Finding identical cells in module `\tile_controller'.
<suppressed ~171 debug messages>
Removed a total of 137 cells.

14.3. Executing OPT_MUXTREE pass (detect dead branches in mux trees).
Running muxtree optimizer on module $paramod$8392c0aee371eac30cfcd917af9a6c37ac869d3e\mac..
  Creating internal representation of mux trees.
  No muxes found in this module.
Running muxtree optimizer on module $paramod$8392c0aee371eac30cfcd917af9a6c37ac869d3e\pe..
  Creating internal representation of mux trees.
  No muxes found in this module.
Running muxtree optimizer on module $paramod$8392c0aee371eac30cfcd917af9a6c37ac869d3e\pe_array_4x4..
  Creating internal representation of mux trees.
  No muxes found in this module.
Running muxtree optimizer on module \matmul_16x16..
  Creating internal representation of mux trees.
  No muxes found in this module.
Running muxtree optimizer on module \tile_controller..
  Creating internal representation of mux trees.
  No muxes found in this module.
Removed 0 multiplexer ports.

14.4. Executing OPT_REDUCE pass (consolidate $*mux and $reduce_* inputs).
  Optimizing cells in module $paramod$8392c0aee371eac30cfcd917af9a6c37ac869d3e\mac.
  Optimizing cells in module $paramod$8392c0aee371eac30cfcd917af9a6c37ac869d3e\pe.
  Optimizing cells in module $paramod$8392c0aee371eac30cfcd917af9a6c37ac869d3e\pe_array_4x4.
  Optimizing cells in module \matmul_16x16.
  Optimizing cells in module \tile_controller.
Performed a total of 0 changes.

14.5. Executing OPT_MERGE pass (detect identical cells).
Finding identical cells in module `$paramod$8392c0aee371eac30cfcd917af9a6c37ac869d3e\mac'.
Finding identical cells in module `$paramod$8392c0aee371eac30cfcd917af9a6c37ac869d3e\pe'.
Finding identical cells in module `$paramod$8392c0aee371eac30cfcd917af9a6c37ac869d3e\pe_array_4x4'.
Finding identical cells in module `\matmul_16x16'.
Finding identical cells in module `\tile_controller'.
Removed a total of 0 cells.

14.6. Executing OPT_DFF pass (perform DFF optimizations).

14.7. Executing OPT_CLEAN pass (remove unused cells and wires).
Finding unused cells or wires in module $paramod$8392c0aee371eac30cfcd917af9a6c37ac869d3e\mac..
Finding unused cells or wires in module $paramod$8392c0aee371eac30cfcd917af9a6c37ac869d3e\pe..
Finding unused cells or wires in module $paramod$8392c0aee371eac30cfcd917af9a6c37ac869d3e\pe_array_4x4..
Finding unused cells or wires in module \matmul_16x16..
Finding unused cells or wires in module \tile_controller..
Removed 62 unused cells and 1119 unused wires.
<suppressed ~65 debug messages>

14.8. Executing OPT_EXPR pass (perform const folding).
Optimizing module $paramod$8392c0aee371eac30cfcd917af9a6c37ac869d3e\mac.
Optimizing module $paramod$8392c0aee371eac30cfcd917af9a6c37ac869d3e\pe.
Optimizing module $paramod$8392c0aee371eac30cfcd917af9a6c37ac869d3e\pe_array_4x4.
Optimizing module matmul_16x16.
Optimizing module tile_controller.

14.9. Rerunning OPT passes. (Maybe there is more to do..)

14.10. Executing OPT_MUXTREE pass (detect dead branches in mux trees).
Running muxtree optimizer on module $paramod$8392c0aee371eac30cfcd917af9a6c37ac869d3e\mac..
  Creating internal representation of mux trees.
  No muxes found in this module.
Running muxtree optimizer on module $paramod$8392c0aee371eac30cfcd917af9a6c37ac869d3e\pe..
  Creating internal representation of mux trees.
  No muxes found in this module.
Running muxtree optimizer on module $paramod$8392c0aee371eac30cfcd917af9a6c37ac869d3e\pe_array_4x4..
  Creating internal representation of mux trees.
  No muxes found in this module.
Running muxtree optimizer on module \matmul_16x16..
  Creating internal representation of mux trees.
  No muxes found in this module.
Running muxtree optimizer on module \tile_controller..
  Creating internal representation of mux trees.
  No muxes found in this module.
Removed 0 multiplexer ports.

14.11. Executing OPT_REDUCE pass (consolidate $*mux and $reduce_* inputs).
  Optimizing cells in module $paramod$8392c0aee371eac30cfcd917af9a6c37ac869d3e\mac.
  Optimizing cells in module $paramod$8392c0aee371eac30cfcd917af9a6c37ac869d3e\pe.
  Optimizing cells in module $paramod$8392c0aee371eac30cfcd917af9a6c37ac869d3e\pe_array_4x4.
  Optimizing cells in module \matmul_16x16.
  Optimizing cells in module \tile_controller.
Performed a total of 0 changes.

14.12. Executing OPT_MERGE pass (detect identical cells).
Finding identical cells in module `$paramod$8392c0aee371eac30cfcd917af9a6c37ac869d3e\mac'.
Finding identical cells in module `$paramod$8392c0aee371eac30cfcd917af9a6c37ac869d3e\pe'.
Finding identical cells in module `$paramod$8392c0aee371eac30cfcd917af9a6c37ac869d3e\pe_array_4x4'.
Finding identical cells in module `\matmul_16x16'.
Finding identical cells in module `\tile_controller'.
Removed a total of 0 cells.

14.13. Executing OPT_DFF pass (perform DFF optimizations).

14.14. Executing OPT_CLEAN pass (remove unused cells and wires).
Finding unused cells or wires in module $paramod$8392c0aee371eac30cfcd917af9a6c37ac869d3e\mac..
Finding unused cells or wires in module $paramod$8392c0aee371eac30cfcd917af9a6c37ac869d3e\pe..
Finding unused cells or wires in module $paramod$8392c0aee371eac30cfcd917af9a6c37ac869d3e\pe_array_4x4..
Finding unused cells or wires in module \matmul_16x16..
Finding unused cells or wires in module \tile_controller..

14.15. Executing OPT_EXPR pass (perform const folding).
Optimizing module $paramod$8392c0aee371eac30cfcd917af9a6c37ac869d3e\mac.
Optimizing module $paramod$8392c0aee371eac30cfcd917af9a6c37ac869d3e\pe.
Optimizing module $paramod$8392c0aee371eac30cfcd917af9a6c37ac869d3e\pe_array_4x4.
Optimizing module matmul_16x16.
Optimizing module tile_controller.

14.16. Finished OPT passes. (There is nothing left to do.)

15. Printing statistics.

=== $paramod$8392c0aee371eac30cfcd917af9a6c37ac869d3e\mac ===

   Number of wires:                155
   Number of wire bits:           1688
   Number of public wires:           7
   Number of public wire bits:      52
   Number of memories:               0
   Number of memory bits:            0
   Number of processes:              0
   Number of cells:                615
     $_AND_                        274
     $_DFFE_PN0P_                   32
     $_MUX_                         64
     $_OR_                          86
     $_XOR_                        159

=== $paramod$8392c0aee371eac30cfcd917af9a6c37ac869d3e\pe ===

   Number of wires:                  9
   Number of wire bits:             68
   Number of public wires:           9
   Number of public wire bits:      68
   Number of memories:               0
   Number of memory bits:            0
   Number of processes:              0
   Number of cells:                 17
     $_DFFE_PN0P_                   16
     $paramod$8392c0aee371eac30cfcd917af9a6c37ac869d3e\mac      1

=== $paramod$8392c0aee371eac30cfcd917af9a6c37ac869d3e\pe_array_4x4 ===

   Number of wires:                 84
   Number of wire bits:           1412
   Number of public wires:          84
   Number of public wire bits:    1412
   Number of memories:               0
   Number of memory bits:            0
   Number of processes:              0
   Number of cells:                 16
     $paramod$8392c0aee371eac30cfcd917af9a6c37ac869d3e\pe     16

=== matmul_16x16 ===

   Number of wires:               3157
   Number of wire bits:          28472
   Number of public wires:         815
   Number of public wire bits:   12984
   Number of memories:               0
   Number of memory bits:            0
   Number of processes:              0
   Number of cells:              27884
     $_AND_                       2450
     $_DFFE_PN_                     32
     $_DFFE_PP_                  12288
     $_MUX_                      12306
     $_NOT_                         57
     $_OR_                         741
     $_XOR_                          8
     $paramod$8392c0aee371eac30cfcd917af9a6c37ac869d3e\pe_array_4x4      1
     tile_controller                 1

=== tile_controller ===

   Number of wires:                118
   Number of wire bits:            278
   Number of public wires:          14
   Number of public wire bits:      25
   Number of memories:               0
   Number of memory bits:            0
   Number of processes:              0
   Number of cells:                192
     $_AND_                         38
     $_DFFE_PN0P_                   17
     $_MUX_                         50
     $_NOT_                         26
     $_OR_                          52
     $_XOR_                          9

=== design hierarchy ===

   matmul_16x16                      1
     $paramod$8392c0aee371eac30cfcd917af9a6c37ac869d3e\pe_array_4x4      1
       $paramod$8392c0aee371eac30cfcd917af9a6c37ac869d3e\pe     16
         $paramod$8392c0aee371eac30cfcd917af9a6c37ac869d3e\mac      1
     tile_controller                 1

   Number of wires:               5983
   Number of wire bits:          58258
   Number of public wires:        1169
   Number of public wire bits:   16341
   Number of memories:               0
   Number of memory bits:            0
   Number of processes:              0
   Number of cells:              38170
     $_AND_                       6872
     $_DFFE_PN0P_                  785
     $_DFFE_PN_                     32
     $_DFFE_PP_                  12288
     $_MUX_                      13380
     $_NOT_                         83
     $_OR_                        2169
     $_XOR_                       2561

Warnings: 3 unique messages, 8 total
End of script. Logfile hash: eaa01eef30, CPU: user 5.49s system 0.04s, MEM: 80.09 MB peak
Yosys 0.33 (git sha1 2584903a060)
Time spent: 37% 20x opt_expr (2 sec), 17% 15x opt_clean (0 sec), ...
